Product Name,Belt Type,Style,Type,Sub-Group,Pitch,Width,Technical Data Thickness Inches,Rod Type,Rod Diameter Inches,Rod Hinge,Idle Roller Minimum Inch,Accessories Standard,Accessories Saniclip,Installation flyer standard,Installation flyer special,Installation flyer sprockets,Producing Unit,Portfolio Manager
M0863 Micropitch Cone Top,M0863 Cone Top,Cone Top,Straight,"0.3"" M0800 Belt type (straight belts)","0.3""","Standard belt widths in increments of 8.0"" (203.2 mm). Non-standard width are offered in increments of 2.0"" (50.8 mm). Smallest possible width 4.0"" (101.6 mm).

Belt widths up to 8"" (203.2 mm) with indent on one side only.",0.24,Headless Snap Fit,0.12,Dynamic open hinge,0.24,,"M0800 <a href=""https://tdm.habasit.com/tds/instruction_FLYERS/en_us/Instruction_flyer_M0800_Saniclip.pdf"">PDF </a>","M0870 <a href=""https://tdm.habasit.com/tds/installation_FLYERS/en-us/M0870_en.pdf"">PDF </a>",,,Habasit Italiana S.p.A. (Vittorio Veneto / PMB),Daniel Stein
M0863 Micropitch Cone Top MTW,M0863_MTW Cone Top,Cone Top,Straight,"0.3"" M0800 Belt type (straight belts)","0.3""",For detailed material properties refer to the HabasitLINK® Engineering Guidelines.,0.24,Headless Snap Fit,0.12,Dynamic open hinge,0.24,,,"M0870 <a href=""https://tdm.habasit.com/tds/installation_FLYERS/en-us/M0870_en.pdf"">PDF </a>",,,Habasit Italiana S.p.A. (Vittorio Veneto / PMB),Daniel Stein
M0870 Micropitch Flat Top,M0870 Flat Top,Flat Top,Straight,"0.3"" M0800 Belt type (straight belts)","0.3""","Standard belt widths in increments 6.0"" (152,4 mm). Non-standard widths are offered in increments of 2.0"" (50.8 mm). Please check the correct sprocket position with your local contact. Smallest possible width 4.0"" (101.6 mm).",0.24,Headless Snap Fit,0.12,Dynamic open hinge,0.24,,"M0800 <a href=""https://tdm.habasit.com/tds/instruction_FLYERS/en_us/Instruction_flyer_M0800_Saniclip.pdf"">PDF </a>","M0870 <a href=""https://tdm.habasit.com/tds/installation_FLYERS/en-us/M0870_en.pdf"">PDF </a>",,,Habasit Italiana S.p.A. (Vittorio Veneto / PMB),Daniel Stein
M0870 Micropitch HighGrip-L,M0870 HighGrip,HighGrip,Straight,"0.3"" M0800 Belt type (straight belts)","0.3""","Standard belt widths with indents on both sides in increments of 4.0"" (101.6 mm) starting from 8"" (203.2 mm). Non-standard widths are offered in increments of 2.0"" (50.8 mm). Smallest possible width 6.0"" (152.4 mm).",0.24,Headless Snap Fit,0.12,Dynamic open hinge,0.24,,"M0800 <a href=""https://tdm.habasit.com/tds/instruction_FLYERS/en_us/Instruction_flyer_M0800_Saniclip.pdf"">PDF </a>","M0870 <a href=""https://tdm.habasit.com/tds/installation_FLYERS/en-us/M0870_en.pdf"">PDF </a>",,,Habasit Italiana S.p.A. (Vittorio Veneto / PMB),Daniel Stein
M0873 Micropitch Non Slip,M0873 Non Slip,Non Slip,Straight,"0.3"" M0800 Belt type (straight belts)","0.3""","Standard belt widths in increments 12.0"" (304.8 mm). Non-standard widths are offered in increments of 2.0"" (50.8 mm). Please check the correct sprocket position with your local contact. Smallest possible width 4.0"" (101.6 mm).",0.24,Headless Snap Fit,0.12,Dynamic open hinge,0.24,,,"M0870 <a href=""https://tdm.habasit.com/tds/installation_FLYERS/en-us/M0870_en.pdf"">PDF </a>",,,Habasit Italiana S.p.A. (Vittorio Veneto / PMB),Daniel Stein
M0876 Micropitch Diamond Top,M0876 Micropitch Diamond Top,Micropitch Diamond Top,Straight,"0.3"" M0800 Belt type (straight belts)","0.3""","Standard belt widths in increments 6.0"" (152,4 mm). Non-standard widths are offered in increments of 2.0"" (50.8 mm). Please check the correct sprocket position with your local contact. Smallest possible width 4.0"" (101.6 mm).",0.24,Headless Snap Fit,0.12,Dynamic open hinge,0.24,,"M0800 <a href=""https://tdm.habasit.com/tds/instruction_FLYERS/en_us/Instruction_flyer_M0800_Saniclip.pdf"">PDF </a>","M0870 <a href=""https://tdm.habasit.com/tds/installation_FLYERS/en-us/M0870_en.pdf"">PDF </a>",,,Habasit Italiana S.p.A. (Vittorio Veneto / PMB),Daniel Stein
M0885 Micropitch Flush Grid,M0885 Flush Grid,Flush Grid,Straight,"0.3"" M0800 Belt type (straight belts)","0.3""","Standard belt widths in increments 6.0"" (152,4 mm). Non-standard widths are offered in increments of 2.0"" (50.8 mm). Please check the correct sprocket position with your local contact. Smallest possible width 4.0"" (101.6 mm).",0.24,Headless Snap Fit,0.12,Dynamic open hinge,0.24,,"M0800 <a href=""https://tdm.habasit.com/tds/instruction_FLYERS/en_us/Instruction_flyer_M0800_Saniclip.pdf"">PDF </a>","M0870 <a href=""https://tdm.habasit.com/tds/installation_FLYERS/en-us/M0870_en.pdf"">PDF </a>",,,Habasit Italiana S.p.A. (Vittorio Veneto / PMB),Daniel Stein
SM605,SM605 Smooth Mesh,Smooth Mesh,Straight,"0.5"" RS Straight SM605/CM605","0.5""","Standard range of belt widths in increments of 1"" (25.4mm) starting from 2"" (50.8mm) Non standard widths are offered in increments of 0.5"" (12.7mm) starting from 3"" (76.2mm) upon request. Material selection may affect belt width — please contact your local partner for actual dimensions.",0.3,Snap Fit,0.17,Closed hinge,0.75,,"SM_CM605 <a href=""https://tdm.habasit.com/tds/instruction_FLYERS/en_us/Instruction_flyer_SM_CM605_Saniclip.pdf"">PDF </a>","SM_CM605 <a href=""https://tdm.habasit.com/tds/installation_FLYERS/en-us/SM_CM605_en.pdf"">PDF </a>",,,Habasit America (Leesport),Jeff Delair
HDS605_TT,HDS605TT Texture Top,Texture Top,Straight,"0.5"" RS Straight HDS605","0.5""","Standard range of belt widths in increments of 1"" (25.4mm) starting from 5"" (127mm) Non standard widths are offered in increments of 0.5"" (12.7mm) starting from 3"" (76.2mm) upon request. Material selection may affect belt width — please contact your local partner for actual dimensions.",0.3,Snap Fit,0.17,Closed hinge,0.75,,,"TT605_HDS605_HDS610_CVT610 <a href=""https://tdm.habasit.com/tds/installation_FLYERS/en-us/TT605_HDS605_HDS610_CVT610_en.pdf"">PDF </a>",,,Habasit America (Leesport),Jeff Delair
HDS605_FT,HDS605FT Flat Top,Flat Top,Straight,"0.5"" RS Straight HDS605","0.5""","Standard range of belt widths in increments of 1"" (25.4mm) starting from 5"" (127mm) Non standard widths are offered in increments of 0.5"" (12.7mm) starting from 3"" (76.2mm) upon request. Material selection may affect belt width — please contact your local partner for actual dimensions.",0.31,Snap Fit,0.17,Closed hinge,0.75,,,"TT605_HDS605_HDS610_CVT610 <a href=""https://tdm.habasit.com/tds/installation_FLYERS/en-us/TT605_HDS605_HDS610_CVT610_en.pdf"">PDF </a>",,,Habasit America (Leesport),Jeff Delair
HDS605_RT,HDS605RT Roller Top,Roller Top,Straight,"0.5"" RS Straight HDS605","0.5""","Standard range of belt widths in increments of 2"" (50.8mm) starting from 6"" (152.4mm). Material selection may affect belt width — please contact your local partner for actual dimensions.",0.31,Snap Fit,0.17,Closed hinge,0.75,,,,,,Habasit America (Leesport),Jeff Delair
M1065 Flat Top HyCLEAN,M1065 Flat Top,Flat Top,Straight,"0.5"" M1000 Belt type (straight belt)","0.5""","Standard belt widths in increments 2.0"" (50,8 mm). Special belt widths in increment of 1"" (25.4 mm) on request available. Please check the correct sprocket position with your local contact. Smallest possible width 3.0"" (76.2 mm).",0.31,Headless Smart Fit,0.18,Dynamic open hinge,0.5,,"M1065 <a href=""https://tdm.habasit.com/tds/instruction_FLYERS/en_us/Instruction_flyer_M1065_Saniclip.pdf"">PDF </a>","M1000 <a href=""https://tdm.habasit.com/tds/installation_FLYERS/en-us/M1000_en.pdf"">PDF </a>",,,Habasit Italiana S.p.A. (Vittorio Veneto / PMB),Daniel Stein
M1185 Flush Grid,M1185 Flush Grid,Flush Grid,Straight,"0.5"" M1100 Belt type (straight belts)","0.5""","Standard belt widths in increments of 50.8 mm (2""). Non-standard widths are offered in increments of 25.4 mm (1""). Smallest possible width 177.8 mm (7""). 

Note:For belts equipped with Saniclip, standard belt widths are possible only.",0.31,Headless Smart Fit,0.14,Open hinge,0.5,,"M1185 <a href=""https://tdm.habasit.com/tds/instruction_FLYERS/en_us/Instruction_flyer_M1185_Saniclip.pdf"">PDF </a>","M1185 <a href=""https://tdm.habasit.com/tds/installation_FLYERS/en-us/M1185_en.pdf"">PDF </a>",,,Habasit Italiana S.p.A. (Vittorio Veneto / PMB),Daniel Stein
CM605,CM605 Curved Mesh,Curved Mesh,Straight,"0.5"" RS Straight SM605/CM605","0.5""","Standard range of belt widths in increments of 1"" (25.4mm) starting from 2"" (50.8mm) Non standard widths are offered in increments of 0.5"" (12.7mm) starting from 3"" (76.2mm) upon request. Material selection may affect belt width — please contact your local partner for actual dimensions.",0.34,Snap Fit,0.17,Closed hinge,0.75,,"SM_CM605 <a href=""https://tdm.habasit.com/tds/instruction_FLYERS/en_us/Instruction_flyer_SM_CM605_Saniclip.pdf"">PDF </a>","SM_CM605 <a href=""https://tdm.habasit.com/tds/installation_FLYERS/en-us/SM_CM605_en.pdf"">PDF </a>",,,Habasit America (Leesport),Jeff Delair
M1280 Flush Grid,M1280 Flush Grid,Flush Grid,Straight,"0.5"" M1200 Belt type (straight belts)","0.5""","Standard belt widths in increments of 2.0"" (50.8 mm). Non-standard widths are offered in increments of 0.67"" (16.9 mm). Smallest possible width 6.0"" (152.4 mm).",0.34,Smart Fit,0.18,Open hinge,0.7,,,"M12XX <a href=""https://tdm.habasit.com/tds/installation_FLYERS/en-us/M12XX_en.pdf"">PDF </a>",,,Habasit Italiana S.p.A. (Vittorio Veneto / PMB),Daniel Stein
M1280_ActivXchange,M1280 ActivXchange,ActivXchange,Straight,"0.5"" M1200 Belt type (straight belts)","0.5""",,0.34,Headless Smart Fit,0.18,Open hinge,1,,,"M12XX <a href=""https://tdm.habasit.com/tds/installation_FLYERS/en-us/M12XX_en.pdf"">PDF </a>",,,Habasit Italiana S.p.A. (Vittorio Veneto / PMB),Daniel Stein
SM605_GT,SM605GT GripTop,GripTop,Straight,"0.5"" RS Straight SM605/CM605","0.5""","Standard range of belt widths in increments of 1"" (25.4mm) starting from 2"" (50.8mm) Non standard widths are offered in increments of 0.5"" (12.7mm) starting from 3"" (76.2mm) upon request. Material selection may affect belt width — please contact your local partner for actual dimensions.",0.38,Snap Fit,0.17,Closed hinge,0.75,,,"SM_CM605 <a href=""https://tdm.habasit.com/tds/installation_FLYERS/en-us/SM_CM605_en.pdf"">PDF </a>",,,Habasit America (Leesport),Jeff Delair
M1220 Flat Top,M1220 Flat Top,Flat Top,Straight,"0.5"" M1200 Belt type (straight belts)","0.5""","Standard belt widths in increments of 50 mm (2""). Non-standard widths are offered in increments of 16.66 mm (0.66""). Smallest possible width 83.4 mm (3.25""). Non-bricklayed belts 50 mm (2"") and 100 mm (4"") wide.",0.39,Snap Fit,0.2,Open hinge,0.7,"M1200 <a href=""https://tdm.habasit.com/tds/PMB_Accessories/4178_M1200_Accessories_en.pdf"">PDF </a>","M1220 <a href=""https://tdm.habasit.com/tds/instruction_FLYERS/en_us/Instruction_flyer_M1220_Saniclip_2310_en.pdf"">PDF </a>","M12XX <a href=""https://tdm.habasit.com/tds/installation_FLYERS/en-us/M12XX_en.pdf"">PDF </a>","M1200_Flights <a href=""https://tdm.habasit.com/tds/installation_FLYERS/en-us/M1200_Flights_en.pdf"">PDF </a>",,Habasit Italiana S.p.A. (Vittorio Veneto / PMB),Daniel Stein
M1220_ActivXchange,M1220 ActivXchange,ActivXchange,Straight,"0.5"" M1200 Belt type (straight belts)","0.5""",,0.39,Headless Smart Fit,0.18,Open hinge,1,,,"M12XX <a href=""https://tdm.habasit.com/tds/installation_FLYERS/en-us/M12XX_en.pdf"">PDF </a>",,,Habasit Italiana S.p.A. (Vittorio Veneto / PMB),Daniel Stein
M1230 Flush Grid,M1230 Flush Grid,Flush Grid,Straight,"0.5"" M1200 Belt type (straight belts)","0.5""","Standard belt widths in increments of 50 mm (2""). Non-standard widths are offered in increments of 16.66 mm (0.66""). Smallest possible width 83.4 mm (3.25"").",0.39,Snap Fit,0.2,Open hinge,0.7,"M1200 <a href=""https://tdm.habasit.com/tds/PMB_Accessories/4178_M1200_Accessories_en.pdf"">PDF </a>",,"M12XX <a href=""https://tdm.habasit.com/tds/installation_FLYERS/en-us/M12XX_en.pdf"">PDF </a>","M1200_Flights <a href=""https://tdm.habasit.com/tds/installation_FLYERS/en-us/M1200_Flights_en.pdf"">PDF </a>",,Habasit Italiana S.p.A. (Vittorio Veneto / PMB),Daniel Stein
M1233 Flush Grid,M1233 Flush Grid,Flush Grid,Straight,"0.5"" M1200 Belt type (straight belts)","0.5""","Standard belt widths in increments of 50 mm (2""). Non-standard widths are offered in increments of 16.66 mm (0.66""). Smallest possible width 83.4 mm (3.25"").",0.39,Snap Fit,0.2,Open hinge,0.7,"M1200 <a href=""https://tdm.habasit.com/tds/PMB_Accessories/4178_M1200_Accessories_en.pdf"">PDF </a>","M1220 <a href=""https://tdm.habasit.com/tds/instruction_FLYERS/en_us/Instruction_flyer_M1220_Saniclip_2310_en.pdf"">PDF </a>","M12XX <a href=""https://tdm.habasit.com/tds/installation_FLYERS/en-us/M12XX_en.pdf"">PDF </a>","M1200_Flights <a href=""https://tdm.habasit.com/tds/installation_FLYERS/en-us/M1200_Flights_en.pdf"">PDF </a>",,Habasit Italiana S.p.A. (Vittorio Veneto / PMB),Daniel Stein
M1233 Flush Grid GripTop,M1233 GripTop,GripTop,Straight,"0.5"" M1200 Belt type (straight belts)","0.5""","Standard belt widths in increments of 50 mm (2""). Non-standard widths are offered in increments of 16.66 mm (0.66""). Smallest possible width 83.4 mm (3.25"").",0.39,Snap Fit,0.2,Open hinge,0.7,"M1200 <a href=""https://tdm.habasit.com/tds/PMB_Accessories/4178_M1200_Accessories_en.pdf"">PDF </a>",,"M12XX <a href=""https://tdm.habasit.com/tds/installation_FLYERS/en-us/M12XX_en.pdf"">PDF </a>","M1200_GripTop <a href=""https://tdm.habasit.com/tds/installation_FLYERS/en-us/M1200_GripTop_en.pdf"">PDF </a>",,Habasit Italiana S.p.A. (Vittorio Veneto / PMB),Daniel Stein
M1234 Nub Top Flush Grid,M1234 Nub Top,Nub Top,Straight,"0.5"" M1200 Belt type (straight belts)","0.5""","Standard belt widths in increments of 50 mm (2""). Non-standard widths are offered in increments of 16.66 mm (0.66""). Smallest possible width 150 mm (6"").",0.45,Snap Fit,0.2,Open hinge,0.7,"M1200 <a href=""https://tdm.habasit.com/tds/PMB_Accessories/4178_M1200_Accessories_en.pdf"">PDF </a>",,"M12XX <a href=""https://tdm.habasit.com/tds/installation_FLYERS/en-us/M12XX_en.pdf"">PDF </a>","M1200_Flights <a href=""https://tdm.habasit.com/tds/installation_FLYERS/en-us/M1200_Flights_en.pdf"">PDF </a>",,Habasit Italiana S.p.A. (Vittorio Veneto / PMB),Daniel Stein
M1220 HighGrip-L,M1220 HighGrip,HighGrip,Straight,"0.5"" M1200 Belt type (straight belts)","0.5""","Standard belt widths in increments of 50 mm (2""). Non-standard widths are offered in increments of 16.66 mm (0.66""). Min. width: 200 mm (8"")",0.47,Snap Fit,0.2,Open hinge,0.7,"M1200 <a href=""https://tdm.habasit.com/tds/PMB_Accessories/4178_M1200_Accessories_en.pdf"">PDF </a>",,"M12XX <a href=""https://tdm.habasit.com/tds/installation_FLYERS/en-us/M12XX_en.pdf"">PDF </a>",,,Habasit Italiana S.p.A. (Vittorio Veneto / PMB),Daniel Stein
M1220 GripTop,M1220 GripTop,GripTop,Straight,"0.5"" M1200 Belt type (straight belts)","0.5""","Standard belt widths in increments of 50 mm (2""). Non-standard widths are offered in increments of 16.66 mm (0.66""). Min. width: 200 mm (8"")",0.49,Snap Fit,0.2,Open hinge,0.7,"M1200 <a href=""https://tdm.habasit.com/tds/PMB_Accessories/4178_M1200_Accessories_en.pdf"">PDF </a>",,"M12XX <a href=""https://tdm.habasit.com/tds/installation_FLYERS/en-us/M12XX_en.pdf"">PDF </a>","M1200_GripTop <a href=""https://tdm.habasit.com/tds/installation_FLYERS/en-us/M1200_GripTop_en.pdf"">PDF </a>",,Habasit Italiana S.p.A. (Vittorio Veneto / PMB),Daniel Stein
RS511,RS511 Tight Turn Radius FG,Tight Turn Radius FG,Radius,"0.6"" RS Radius RS511/RS515","0.6""","Standard range of belt widths in increments of 1"" (25.4mm) starting from 12"" (304.8mm) Maximum recommended belt width is 36"" (914.4mm). Material selection may affect belt width — please contact your local partner for actual dimensions.",0.5,Tapered Pin,0.19,Closed hinge,0.75,,,"511_515 <a href=""https://tdm.habasit.com/tds/installation_FLYERS/en-us/511_515_en.pdf"">PDF </a>",,,,
RS515,RS515 Tight Turn Radius CT,Tight Turn Radius CT,Radius,"0.6"" RS Radius RS511/RS515","0.6""","Standard range of belt widths in increments of 1"" (25.4mm) starting from 12"" (304.8mm) Maximum recommended belt width is 36"" (914.4mm). Material selection may affect belt width — please contact your local partner for actual dimensions.",0.53,Tapered Pin,0.19,Closed hinge,0.75,,,"511_515 <a href=""https://tdm.habasit.com/tds/installation_FLYERS/en-us/511_515_en.pdf"">PDF </a>",,,,
106 10 Mesh Top,106 10 Mesh Top 10%,Mesh Top 10%,Straight,"0.8"" RS Straight 106","0.8""","Standard range of belt widths in increments of 0.75"" (19.1mm) starting from 3"" (76.2mm"").  Material selection may affect belt width — please contact your local partner for actual dimensions.",0.33,Snap Fit,0.19,Closed hinge,1.2,,,"106_208 <a href=""https://tdm.habasit.com/tds/installation_FLYERS/en-us/106_208_en.pdf"">PDF </a>",,,Habasit America (Leesport),Jeff Delair
106 22 Flush Grid,106 22 Flush Grid 22%,Flush Grid 22%,Straight,"0.8"" RS Straight 106","0.8""","Standard range of belt widths in increments of 0.75"" (19.1mm) starting from 3"" (76.2mm"").  Material selection may affect belt width — please contact your local partner for actual dimensions.",0.33,Snap Fit,0.19,Closed hinge,1.2,,,"106_208 <a href=""https://tdm.habasit.com/tds/installation_FLYERS/en-us/106_208_en.pdf"">PDF </a>",,,Habasit America (Leesport),Jeff Delair
106 FT,106 FT Flat Top,Flat Top,Straight,"0.8"" RS Straight 106","0.8""","Standard range of belt widths in increments of 0.75"" (19.1mm) starting from 3"" (76.2mm"").  Material selection may affect belt width — please contact your local partner for actual dimensions.",0.33,Snap Fit,0.19,Closed hinge,1.2,,,"106_208 <a href=""https://tdm.habasit.com/tds/installation_FLYERS/en-us/106_208_en.pdf"">PDF </a>",,,Habasit America (Leesport),Jeff Delair
106 V,106 V Vacuum,Vacuum,Straight,"0.8"" RS Straight 106","0.8""","Standard range of belt widths in increments of 0.75"" (19.1mm) starting from 3"" (76.2mm"").  Material selection may affect belt width — please contact your local partner for actual dimensions.",0.33,Snap Fit,0.19,Closed hinge,1.2,,,"106_208 <a href=""https://tdm.habasit.com/tds/installation_FLYERS/en-us/106_208_en.pdf"">PDF </a>",,,Habasit America (Leesport),Jeff Delair
106 RT,106 RT Rough Top,Rough Top,Straight,"0.8"" RS Straight 106","0.8""","Standard range of belt widths in increments of 0.75"" (19.1mm) starting from 3"" (76.2mm"").  Material selection may affect belt width — please contact your local partner for actual dimensions.",0.39,Snap Fit,0.19,Closed hinge,1.2,,,"106_208 <a href=""https://tdm.habasit.com/tds/installation_FLYERS/en-us/106_208_en.pdf"">PDF </a>",,,Habasit America (Leesport),Jeff Delair
208 35 FG,208 35 Flush Grid 35%,Flush Grid 35%,Straight,"1.0"" RS Straight 208","1.0""","Standard range of belt widths in increments of 1"" (25.4mm) starting from 3"" (76.2mm) Non standard widths are offered in increments of 0.5"" (12.7mm) starting from 3"" (76.2mm) upon request. Material selection may affect belt width — please contact your local partner for actual dimensions.",0.33,Snap Fit,0.19,Closed hinge,1.6,,,"106_208 <a href=""https://tdm.habasit.com/tds/installation_FLYERS/en-us/106_208_en.pdf"">PDF </a>",,,Habasit America (Leesport),Jeff Delair
208 FT,208 FT Flat Top,Flat Top,Straight,"1.0"" RS Straight 208","1.0""","Standard range of belt widths in increments of 1"" (25.4mm) starting from 3"" (76.2mm) Non standard widths are offered in increments of 0.5"" (12.7mm) starting from 3"" (76.2mm) upon request. Material selection may affect belt width — please contact your local partner for actual dimensions.",0.33,Snap Fit,0.19,Closed hinge,1.6,,,"106_208 <a href=""https://tdm.habasit.com/tds/installation_FLYERS/en-us/106_208_en.pdf"">PDF </a>",,,Habasit America (Leesport),Jeff Delair
M2420 Flat Top,M2420 Flat Top,Flat Top,Straight,"1.0"" M2400 Belt type (straight belts)","1.0""","Standard belt widths in increments of 85 mm (3.35""). Non-standard widths are offered in increments of 17 mm (0.67""). Smallest possible width 85 mm (3.35"").",0.34,Headless Smart Fit,0.18,Closed hinge,2,,,"M24XX <a href=""https://tdm.habasit.com/tds/installation_FLYERS/en-us/M24XX_en.pdf"">PDF </a>",,,Habasit Italiana S.p.A. (Vittorio Veneto / PMB),Daniel Stein
M2420_ActivXchange,M2420 ActivXchange,ActivXchange,Straight,"1.0"" M2400 Belt type (straight belts)","1.0""",,0.34,Headless Smart Fit,0.18,Closed hinge,2.5,,,"M24XX <a href=""https://tdm.habasit.com/tds/installation_FLYERS/en-us/M24XX_en.pdf"">PDF </a>",,,Habasit Italiana S.p.A. (Vittorio Veneto / PMB),Daniel Stein
M2470 ActivXchange,M2470 ActivXchange,ActivXchange,Straight,"1.0"" M2400 Belt type (straight belts)","1.0""",,0.34,Headless Smart Fit,0.18,Closed hinge,2.5,,,"M24XX <a href=""https://tdm.habasit.com/tds/installation_FLYERS/en-us/M24XX_en.pdf"">PDF </a>",,,Habasit Italiana S.p.A. (Vittorio Veneto / PMB),Daniel Stein
M2470 Flat Top,M2470 Flat Top,Flat Top,Straight,"1.0"" M2400 Belt type (straight belts)","1.0""","Standard belt widths in increments of 76.2 mm (3""). Non-standard widths are offered in increments of 15.24 mm (0.6""). Smallest possible width 76.2 mm (3"").",0.34,Headless Smart Fit,0.18,Closed hinge,2,,,"M24XX <a href=""https://tdm.habasit.com/tds/installation_FLYERS/en-us/M24XX_en.pdf"">PDF </a>",,,Habasit Italiana S.p.A. (Vittorio Veneto / PMB),Daniel Stein
M2470 Flat Top MTW,M2470 MTW Flat Top,Flat Top,Straight,"1.0"" M2400 Belt type (straight belts)","1.0""",,0.34,Smart Fit,0.18,Closed hinge,2.5,,,"M24XX <a href=""https://tdm.habasit.com/tds/installation_FLYERS/en-us/M24XX_en.pdf"">PDF </a>",,,Habasit Italiana S.p.A. (Vittorio Veneto / PMB),Daniel Stein
M2472 Perforated Flat Top,M2472 Perforated Flat Top,Perforated Flat Top,Straight,"1.0"" M2400 Belt type (straight belts)","1.0""","Standard belt widths in increments of 76.2 mm (3""). Non-standard widths are offered in increments of 15.24 mm (0.6""). Smallest possible width 76.2 mm (3"").",0.34,Headless Smart Fit,0.18,Closed hinge,2,,,"M24XX <a href=""https://tdm.habasit.com/tds/installation_FLYERS/en-us/M24XX_en.pdf"">PDF </a>",,,Habasit America (Leesport),Jeff Delair
M2480 ActivXchange,M2480 ActivXchange,ActivXchange,Straight,"1.0"" M2400 Belt type (straight belts)","1.0""",,0.34,Headless Smart Fit,0.18,Closed hinge,2.5,,,"M24XX <a href=""https://tdm.habasit.com/tds/installation_FLYERS/en-us/M24XX_en.pdf"">PDF </a>",,,Habasit Italiana S.p.A. (Vittorio Veneto / PMB),Daniel Stein
M2480 Flush Grid,M2480 Flush Grid,Flush Grid,Straight,"1.0"" M2400 Belt type (straight belts)","1.0""","Standard belt widths in increments of 76.2 mm (3""). Non-standard widths are offered in increments of 15.24 mm (0.6""). Smallest possible width 76.2 mm (3"").",0.34,Headless Smart Fit,0.18,Closed hinge,2,,,"M24XX <a href=""https://tdm.habasit.com/tds/installation_FLYERS/en-us/M24XX_en.pdf"">PDF </a>",,,Habasit Italiana S.p.A. (Vittorio Veneto / PMB),Daniel Stein
IS610-R,IS610-R Radius Flush Grid,Radius Flush Grid,Radius,"1.0"" RS Radius IS610/IS610GT/CT610","1.0""","Standard range of belt widths in increments of 3"" (76.2mm) starting from 6"" (152.4mm) Non standard widths are offered in increments of 0.5"" (12.7mm) starting from 3"" (76.2mm) upon request. Material selection may affect belt width — please contact your local partner for actual dimensions.",0.38,Snap Fit,0.16,Closed hinge,1.6,,"IS_CT610 <a href=""https://tdm.habasit.com/tds/instruction_FLYERS/en_us/Instruction_flyer_IS_CT610_Saniclip.pdf"">PDF </a>","IS610_CT610 <a href=""https://tdm.habasit.com/tds/installation_FLYERS/en-us/IS610_CT610_en.pdf"">PDF </a>",,,Habasit America (Leesport),Jeff Delair
M2423 Non Slip,M2423 Non Slip,Non Slip,Straight,"1.0"" M2400 Belt type (straight belts)","1.0""","Standard belt widths in increments of 85 mm (3.35""). Non-standard widths are offered in increments of 17 mm (0.67""). Smallest possible width 85 mm (3.35"").",0.39,Headless Smart Fit,0.18,Closed hinge,2,,,"M24XX <a href=""https://tdm.habasit.com/tds/installation_FLYERS/en-us/M24XX_en.pdf"">PDF </a>",,,Habasit Italiana S.p.A. (Vittorio Veneto / PMB),Daniel Stein
M2520 Flat Top,M2520 Flat Top,Flat Top,Straight,"1.0"" M2500 Belt type (straight belts)","1.0""","Standard belt widths in increments of 50 mm (2""). Non-standard widths are offered in increments of 16.66 mm (0.66""). Smallest possible width 83.4 mm (3.25""). Non-bricklayed belts 50 mm (2"") and 100 mm (4"") wide.",0.39,Snap Fit,0.2,Closed hinge,2,"M2500 <a href=""https://tdm.habasit.com/tds/PMB_Accessories/4178_M2500_Accessories_en.pdf"">PDF </a>",,"M252X-3X <a href=""https://tdm.habasit.com/tds/installation_FLYERS/en-us/M252X-3X_en.pdf"">PDF </a>",,,Habasit Italiana S.p.A. (Vittorio Veneto / PMB),Daniel Stein
M2533 Flush Grid,M2533 Flush Grid,Flush Grid,Straight,"1.0"" M2500 Belt type (straight belts)","1.0""","Standard belt widths in increments of 50 mm (2""). Non-standard widths are offered in increments of 16.66 mm (0.66""). Smallest possible width 83.4 mm (3.25"").",0.39,Snap Fit,0.2,Open hinge,2,"M2500 <a href=""https://tdm.habasit.com/tds/PMB_Accessories/4178_M2500_Accessories_en.pdf"">PDF </a>","M251X <a href=""https://tdm.habasit.com/tds/instruction_FLYERS/en_us/Instruction_flyer_M251X_Saniclip.pdf"">PDF </a>","M252X-3X <a href=""https://tdm.habasit.com/tds/installation_FLYERS/en-us/M252X-3X_en.pdf"">PDF </a>",,,Habasit Italiana S.p.A. (Vittorio Veneto / PMB),Daniel Stein
M2533 Flush Grid HR,M2533 Flush Grid HR,Flush Grid HR,Straight,"1.0"" M2500 Belt type (straight belts)","1.0""",,0.39,Smart Fit,0.2,Open hinge,2,,,,,,Habasit Italiana S.p.A. (Vittorio Veneto / PMB),Daniel Stein
M2533 Flush Grid MTW,M2533 MTW Flush Grid,Flush Grid,Straight,"1.0"" M2500 Belt type (straight belts)","1.0""",,0.39,Snap Fit,0.2,Open hinge,2,,,,,,Habasit Italiana S.p.A. (Vittorio Veneto / PMB),Daniel Stein
HDS610 FT,HDS610FT Flat Top,Flat Top,Straight,"1.0"" RS Straight HDS610","1.0""","Standard range of belt widths in increments of 1"" (25.4mm) starting from 6"" (152.4mm) Non standard widths are offered in increments of 0.5"" (12.7mm) starting from 3"" (76.2mm) upon request. Material selection may affect belt width — please contact your local partner for actual dimensions.",0.41,Snap Fit,0.19,Closed hinge,1.6,,,"TT605_HDS605_HDS610_CVT610 <a href=""https://tdm.habasit.com/tds/installation_FLYERS/en-us/TT605_HDS605_HDS610_CVT610_en.pdf"">PDF </a>",,,Habasit America (Leesport),Jeff Delair
ST610,ST610 Flat Top,Flat Top,Straight,"1.0"" RS Straight ST610/VT610","1.0""","Standard range of belt widths in increments of 1"" (25.4mm) starting from 6"" (152.4mm) Non standard widths are offered in increments of 0.5"" (12.7mm) starting from 3"" (76.2mm) upon request. Material selection may affect belt width — please contact your local partner for actual dimensions.",0.41,Snap Fit,0.19,Closed hinge,1.6,,,"ST_VT610 <a href=""https://tdm.habasit.com/tds/installation_FLYERS/en-us/ST_VT610_en.pdf"">PDF </a>",,,Habasit America (Leesport),Jeff Delair
VT610,VT610 Vented Top,Vented Top,Straight,"1.0"" RS Straight ST610/VT610","1.0""","Standard range of belt widths in increments of 1"" (25.4mm) starting from 6"" (152.4mm) Non standard widths are offered in increments of 0.5"" (12.7mm) starting from 3"" (76.2mm) upon request. Material selection may affect belt width — please contact your local partner for actual dimensions.",0.41,Snap Fit,0.19,Closed hinge,1.6,,,"ST_VT610 <a href=""https://tdm.habasit.com/tds/installation_FLYERS/en-us/ST_VT610_en.pdf"">PDF </a>",,,Habasit America (Leesport),Jeff Delair
M2510 Flat Top,M2510 Flat Top,Flat Top,Straight,"1.0"" M2500 Belt type (straight belts)","1.0""","Standard belt widths in increments of 50 mm (2""). Non-standard widths are offered in increments of 16.66 mm (0.66""). Smallest possible width 83.4 mm (3.25""). Non-bricklayed belts 50 mm (2"") and 100 mm (4"") wide.",0.43,Snap Fit,0.2,Dynamic open hinge,2,"M2500 <a href=""https://tdm.habasit.com/tds/PMB_Accessories/4178_M2500_Accessories_en.pdf"">PDF </a>","M251X <a href=""https://tdm.habasit.com/tds/instruction_FLYERS/en_us/Instruction_flyer_M251X_Saniclip.pdf"">PDF </a>","M251X <a href=""https://tdm.habasit.com/tds/installation_FLYERS/en-us/M251X_en.pdf"">PDF </a>",,,Habasit Italiana S.p.A. (Vittorio Veneto / PMB),Daniel Stein
M2511 Mesh Top,M2511 Mesh Top,Mesh Top,Straight,"1.0"" M2500 Belt type (straight belts)","1.0""","Standard belt widths in increments of 50 mm (2""). Non-standard widths are offered in increments of 16.66 mm (0.66""). Smallest possible width 83.4 mm (3.25""). Non-bricklayed belts 50 mm (2"") and 100 mm (4"") wide.",0.43,Snap Fit,0.2,Dynamic open hinge,2,"M2500 <a href=""https://tdm.habasit.com/tds/PMB_Accessories/4178_M2500_Accessories_en.pdf"">PDF </a>","M251X <a href=""https://tdm.habasit.com/tds/instruction_FLYERS/en_us/Instruction_flyer_M251X_Saniclip.pdf"">PDF </a>","M251X <a href=""https://tdm.habasit.com/tds/installation_FLYERS/en-us/M251X_en.pdf"">PDF </a>",,,Habasit Italiana S.p.A. (Vittorio Veneto / PMB),Daniel Stein
M2516 Diamond Top,M2516 Diamond Top,Diamond Top,Straight,"1.0"" M2500 Belt type (straight belts)","1.0""","Standard belt widths in increments of 50 mm (2""). Non-standard widths are offered in increments of 16.66 mm (0.66”). Smallest possible width 83.4 mm (3.25""). Non-bricklayed belts 200 mm (8”) wide.",0.43,Snap Fit,0.2,Dynamic open hinge,2,"M2500 <a href=""https://tdm.habasit.com/tds/PMB_Accessories/4178_M2500_Accessories_en.pdf"">PDF </a>","M251X <a href=""https://tdm.habasit.com/tds/instruction_FLYERS/en_us/Instruction_flyer_M251X_Saniclip.pdf"">PDF </a>","M251X <a href=""https://tdm.habasit.com/tds/installation_FLYERS/en-us/M251X_en.pdf"">PDF </a>",,,Habasit Italiana S.p.A. (Vittorio Veneto / PMB),Daniel Stein
M2540 Radius Flush Grid,M2540 Radius Flush Grid,Radius Flush Grid,Radius,"1.0"" M2500 Belt type (radius belts)","1.0""","Standard belt widths in increments of 50 mm (2""). Non-standard widths are offered in increments of 16.66 mm (0.66""). Smallest possible width 83.4 mm (3.25"").",0.43,Snap Fit,0.2,Open hinge,2,"M2500 <a href=""https://tdm.habasit.com/tds/PMB_Accessories/4178_M2500_Accessories_en.pdf"">PDF </a>","M2540 <a href=""https://tdm.habasit.com/tds/instruction_FLYERS/en_us/Instruction_flyer_M2540_Saniclip.pdf"">PDF </a>","M254X <a href=""https://tdm.habasit.com/tds/installation_FLYERS/en-us/M254X_en.pdf"">PDF </a>","M2540_Saniclip <a href=""https://tdm.habasit.com/tds/installation_FLYERS/en-us/M2540_Saniclip_en.pdf"">PDF </a>",,Habasit Italiana S.p.A. (Vittorio Veneto / PMB),Daniel Stein
M2540 Radius Flush Grid MTW,M2540 MTW Radius Flush Grid,Radius Flush Grid,Radius,"1.0"" M2500 Belt type (radius belts)","1.0""","Standard belt widths: The belt is produced as mold to width belt 12"" (306 mm) Non-standard belt widths: M2540 MTW can also be used as bricklayed in 50 mm (2"") increments. Non-standard widths are offered in increments of 16.66 mm (0.66"").",0.43,Snap Fit,0.2,Open hinge,2,"M2500 <a href=""https://tdm.habasit.com/tds/PMB_Accessories/4178_M2500_Accessories_en.pdf"">PDF </a>",,"M254X <a href=""https://tdm.habasit.com/tds/installation_FLYERS/en-us/M254X_en.pdf"">PDF </a>",,,Habasit Italiana S.p.A. (Vittorio Veneto / PMB),Daniel Stein
M2540 Radius GripTop,M2540 Radius GripTop,Radius GripTop,Radius,"1.0"" M2500 Belt type (radius belts)","1.0""","Standard belt widths in increments of 50 mm (2""). Non-standard widths are offered in increments of 16.66 mm (0.66""). Smallest possible width 150 mm (5.9"").",0.43,Snap Fit,0.2,Open hinge,2,"M2500 <a href=""https://tdm.habasit.com/tds/PMB_Accessories/4178_M2500_Accessories_en.pdf"">PDF </a>",,"M254X <a href=""https://tdm.habasit.com/tds/installation_FLYERS/en-us/M254X_en.pdf"">PDF </a>",,,Habasit Italiana S.p.A. (Vittorio Veneto / PMB),Daniel Stein
M2585 Flush Grid,M2585 Flush Grid,Flush Grid,Straight,"1.0"" M2500 Belt type special case (straight belts)","1.0""","Standard belt widths in increments of 202.8 mm (7.98""). Non-standard widths are offered in increments of 33.8 mm (1.33""). Smallest possible width 202.8 mm (7.98"").",0.43,Smart Fit,0.2,Open hinge,2,,,"M258X <a href=""https://tdm.habasit.com/tds/installation_FLYERS/en-us/M258X_en.pdf"">PDF </a>",,,Habasit Italiana S.p.A. (Vittorio Veneto / PMB),Daniel Stein
M2960 Super HyClean MTW,M2960 MTW Super HyCLEAN,Super HyCLEAN,Straight,"1.0"" M2960 Super HyCLEAN","1.0""",For detailed material properties refer to the HabasitLINK® Engineering Guidelines.,0.43,Headless Smart Fit,0.18,Dynamic open hinge,,,"M2960 <a href=""https://tdm.habasit.com/tds/instruction_FLYERS/en_us/Instruction_flyer_M2960_Saniclip.pdf"">PDF </a>","M2960 <a href=""https://tdm.habasit.com/tds/installation_FLYERS/en-us/M2960_en.pdf"">PDF </a>",,,Habasit Italiana S.p.A. (Vittorio Veneto / PMB),Daniel Stein
M2470 GripTop,M2470 GripTop,GripTop,Straight,"1.0"" M2400 Belt type (straight belts)","1.0""","Standard belt widths in increments of 76.2 mm (3""). Non-standard widths are offered in increments of 15.24 mm (0.6""). Smallest possible width 76.2 mm (3"").",0.44,Headless Smart Fit,0.18,Closed hinge,2,,,"M24XX <a href=""https://tdm.habasit.com/tds/installation_FLYERS/en-us/M24XX_en.pdf"">PDF </a>",,,Habasit Italiana S.p.A. (Vittorio Veneto / PMB),Daniel Stein
CT610-R,CT610-R Radius Curved Top,Radius Curved Top,Radius,"1.0"" RS Radius IS610/IS610GT/CT610","1.0""","Standard range of belt widths in increments of 3"" (76.2mm) starting from 6"" (152.4mm) Non standard widths are offered in increments of 0.5"" (12.7mm) starting from 3"" (76.2mm) upon request. Material selection may affect belt width — please contact your local partner for actual dimensions.",0.47,Snap Fit,0.16,Closed hinge,1.6,,"IS_CT610 <a href=""https://tdm.habasit.com/tds/instruction_FLYERS/en_us/Instruction_flyer_IS_CT610_Saniclip.pdf"">PDF </a>","IS610_CT610 <a href=""https://tdm.habasit.com/tds/installation_FLYERS/en-us/IS610_CT610_en.pdf"">PDF </a>",,,Habasit America (Leesport),Jeff Delair
HDS610 CVT,HDS610CVT Curved Vented Top,Curved Vented Top,Straight,"1.0"" RS Straight HDS610","1.0""","Standard range of belt widths in increments of 3"" (76.2mm) starting from 6"" (152.4mm) Non standard widths are offered in increments of 0.5"" (12.7mm) starting from 3"" (76.2mm) upon request. Material selection may affect belt width — please contact your local partner for actual dimensions.",0.48,Snap Fit,0.19,Closed hinge,1.6,,,"TT605_HDS605_HDS610_CVT610 <a href=""https://tdm.habasit.com/tds/installation_FLYERS/en-us/TT605_HDS605_HDS610_CVT610_en.pdf"">PDF </a>",,,Habasit America (Leesport),Jeff Delair
M2620 Flat Top Heavy Duty,M2620 Flat Top Heavy Duty,Flat Top Heavy Duty,Straight,"1.0"" M2600 Belt type (straight belts)","1.0""","Standard belt widths in increments of 85 mm (3.35""). Non-standard widths are offered in increments of 17 mm (0.67""). Smallest possible width 85 mm (3.35"").",0.49,Smart Fit,0.22,Closed hinge,2,,,"M26XX <a href=""https://tdm.habasit.com/tds/installation_FLYERS/en-us/M26XX_en.pdf"">PDF </a>",,"Multihubsprockets <a href=""https://tdm.habasit.com/tds/installation_FLYERS/en-us/Multihubsprockets_en.pdf"">PDF </a>",Habasit Italiana S.p.A. (Vittorio Veneto / PMB),Daniel Stein
M2670_ActivXchange,M2670 ActivXchange,ActivXchange,Straight,"1.0"" M2600 Belt type (straight belts)","1.0""",,0.49,Smart Fit,0.22,Closed hinge,2,,,"M26XX <a href=""https://tdm.habasit.com/tds/installation_FLYERS/en-us/M26XX_en.pdf"">PDF </a>",,"Multihubsprockets <a href=""https://tdm.habasit.com/tds/installation_FLYERS/en-us/Multihubsprockets_en.pdf"">PDF </a>",Habasit Italiana S.p.A. (Vittorio Veneto / PMB),Daniel Stein
M2483 Sphere Top,M2483 Sphere Top,Sphere Top,Straight,"1.0"" M2400 Belt type (straight belts)","1.0""","Standard belt widths in increments of 76.2 mm (3""). Non-standard widths are offered in increments of 25.4 mm (1""). Smallest possible width 76.2 mm (3"").",0.5,Plugs with Floaters,0.12,Closed hinge,2,,,,,,Habasit Italiana S.p.A. (Vittorio Veneto / PMB),Daniel Stein
M2544 Tight Radius,M2544 Tight Radius,Tight Radius,Radius,"1.0"" M2500 Belt type (radius belts)","1.0""","Standard belt widths in increments of 50 mm (2""). Non-standard widths are offered in increments of 16.66 mm (0.66""). Smallest possible width 200 mm (7.9"").",0.5,Snap Fit,0.2,Open hinge,2,"M2500 <a href=""https://tdm.habasit.com/tds/PMB_Accessories/4178_M2500_Accessories_en.pdf"">PDF </a>",,"M254X <a href=""https://tdm.habasit.com/tds/installation_FLYERS/en-us/M254X_en.pdf"">PDF </a>","M2544_Plugs <a href=""https://tdm.habasit.com/tds/installation_FLYERS/en-us/M2544_Plugs_en.pdf"">PDF </a>",,Habasit Italiana S.p.A. (Vittorio Veneto / PMB),Daniel Stein
M2544 Tight Radius MTW,M2544 MTW Tight Radius,Tight Radius,Radius,"1.0"" M2500 Belt type (radius belts)","1.0""",,0.5,Snap Fit,0.2,Closed hinge,2,"M2500 <a href=""https://tdm.habasit.com/tds/PMB_Accessories/4178_M2500_Accessories_en.pdf"">PDF </a>",,,,,Habasit Italiana S.p.A. (Vittorio Veneto / PMB),Daniel Stein
M2626 Diamond Top Heavy Duty,M2626 Diamond Top Heavy Duty,Diamond Top Heavy Duty,Straight,"1.0"" M2600 Belt type (straight belts)","1.0""","Standard belt widths in increments of 85 mm (3.35""). Non-standard widths are offered in increments of 17 mm (0.67""). Smallest possible width 85 mm (3.35"").",0.5,Smart Fit,0.22,Closed hinge,2,,,"M26XX <a href=""https://tdm.habasit.com/tds/installation_FLYERS/en-us/M26XX_en.pdf"">PDF </a>",,"Multihubsprockets <a href=""https://tdm.habasit.com/tds/installation_FLYERS/en-us/Multihubsprockets_en.pdf"">PDF </a>",Habasit Italiana S.p.A. (Vittorio Veneto / PMB),Daniel Stein
M2670 Flat Top Heavy Duty,M2670 Flat Top Heavy Duty,Flat Top Heavy Duty,Straight,"1.0"" M2600 Belt type (straight belts)","1.0""","Standard belt widths in increments of 2.0"" (50.8 mm). Non-standard widths are offered in increments of 1.0"" (25.4 mm). Smallest possible width 6.0"" (152.4 mm).",0.5,Smart Fit,0.22,Closed hinge,2,,,"M26XX <a href=""https://tdm.habasit.com/tds/installation_FLYERS/en-us/M26XX_en.pdf"">PDF </a>",,"Multihubsprockets <a href=""https://tdm.habasit.com/tds/installation_FLYERS/en-us/Multihubsprockets_en.pdf"">PDF </a>",Habasit Italiana S.p.A. (Vittorio Veneto / PMB),Daniel Stein
M2670 Flat Top Heavy Duty MTW,M2670 MTW Flat Top Heavy Duty,Flat Top Heavy Duty,Straight,"1.0"" M2600 Belt type (straight belts)","1.0""",,0.5,Smart Fit,0.22,Closed hinge,2,,,"M26XX <a href=""https://tdm.habasit.com/tds/installation_FLYERS/en-us/M26XX_en.pdf"">PDF </a>",,"Multihubsprockets <a href=""https://tdm.habasit.com/tds/installation_FLYERS/en-us/Multihubsprockets_en.pdf"">PDF </a>",Habasit Italiana S.p.A. (Vittorio Veneto / PMB),Daniel Stein
M2791 Radius Flush Grid MTW,M2791 MTW Radius Flush Grid,Radius Flush Grid,Radius,"1.0"" M2700 Belt type (radius belts)","1.0""",,0.5,Headless Smart Fit,0.18,Open hinge,2,,,,,,Habasit Italiana S.p.A. (Vittorio Veneto / PMB),Daniel Stein
MB610,MB610 Flat Top,Flat Top,Straight,"1.0"" RS Straight MB610","1.0""","Standard range of belt widths in increments of 1"" (25.4mm) starting from 6"" (152.4mm). Material selection may affect belt width — please contact your local partner for actual dimensions.",0.5,Snap Fit,0.25,Closed hinge,1.6,,,,,,Habasit America (Leesport),Jeff Delair
MB610 MTW,MB610MTW Flat Top,Flat Top,Straight,"1.0"" RS Straight MB610","1.0""",Material selection may affect belt width — please contact your local partner for actual dimensions,0.5,Snap Fit,0.25,Closed hinge,1.6,,,,,,Habasit America (Leesport),Jeff Delair
IS610 GT,IS610-G Radius GripTop,Radius GripTop,Radius,"1.0"" RS Radius IS610/IS610GT/CT610","1.0""","Standard range of belt widths in increments of 3"" (76.2mm) starting from 6"" (152.4mm). Material selection may affect belt width — please contact your local partner for actual dimensions.",0.51,Snap Fit,0.16,Open hinge,1.6,,"IS_CT610 <a href=""https://tdm.habasit.com/tds/instruction_FLYERS/en_us/Instruction_flyer_IS_CT610_Saniclip.pdf"">PDF </a>","IS610_CT610 <a href=""https://tdm.habasit.com/tds/installation_FLYERS/en-us/IS610_CT610_en.pdf"">PDF </a>",,,Habasit America (Leesport),Jeff Delair
M2514 Nub Top,M2514 Nub Top,Nub Top,Straight,"1.0"" M2500 Belt type (straight belts)","1.0""","Standard belt widths in increments of 50 mm (2""). Non-standard widths are offered in increments of 16.66 mm (0.66""). Min. width: 200 mm (8"")",0.51,Snap Fit,0.2,Open hinge,2,"M2500 <a href=""https://tdm.habasit.com/tds/PMB_Accessories/4178_M2500_Accessories_en.pdf"">PDF </a>","M251X <a href=""https://tdm.habasit.com/tds/instruction_FLYERS/en_us/Instruction_flyer_M251X_Saniclip.pdf"">PDF </a>","M251X <a href=""https://tdm.habasit.com/tds/installation_FLYERS/en-us/M251X_en.pdf"">PDF </a>",,,Habasit Italiana S.p.A. (Vittorio Veneto / PMB),Daniel Stein
208 RR,208 RR Raised Rib,Raised Rib,Straight,"1.0"" RS Straight 208","1.0""","Standard range of belt widths in increments of 1"" (25.4mm) starting from 3"" (76.2mm) Non standard widths are offered in increments of 0.5"" (12.7mm) starting from 3"" (76.2mm) upon request. Material selection may affect belt width — please contact your local partner for actual dimensions.",0.54,Snap Fit,0.19,Closed hinge,1.6,,,"106_208 <a href=""https://tdm.habasit.com/tds/installation_FLYERS/en-us/106_208_en.pdf"">PDF </a>",,,Habasit America (Leesport),Jeff Delair
M2623 Non Slip,M2623 Non Slip,Non Slip,Straight,"1.0"" M2600 Belt type (straight belts)","1.0""","Standard belt widths in increments of 85 mm (3.35""). Non-standard widths are offered in increments of 17 mm (0.67""). Smallest possible width 85 mm (3.35"").",0.55,Smart Fit,0.22,Closed hinge,2,,,"M26XX <a href=""https://tdm.habasit.com/tds/installation_FLYERS/en-us/M26XX_en.pdf"">PDF </a>",,"Multihubsprockets <a href=""https://tdm.habasit.com/tds/installation_FLYERS/en-us/Multihubsprockets_en.pdf"">PDF </a>",Habasit Italiana S.p.A. (Vittorio Veneto / PMB),Daniel Stein
M2533 GripTop,M2533 GripTop,GripTop,Straight,"1.0"" M2500 Belt type (straight belts)","1.0""","Standard belt widths in increments of 50 mm (2""). Non-standard widths are offered in increments of 16.66 mm (0.66""), minimum indent 33.3 mm (1.5"").",0.55,Snap Fit,0.2,Open hinge,2,"M2500 <a href=""https://tdm.habasit.com/tds/PMB_Accessories/4178_M2500_Accessories_en.pdf"">PDF </a>",,"M252X-3X <a href=""https://tdm.habasit.com/tds/installation_FLYERS/en-us/M252X-3X_en.pdf"">PDF </a>",,,Habasit Italiana S.p.A. (Vittorio Veneto / PMB),Daniel Stein
M2527 Minirib,M2527 Minirib,Minirib,Straight,"1.0"" M2500 Belt type (straight belts)","1.0""","Standard belt widths in increments of 100 mm (4""). Non-standard widths are offered in increments of 16.66 mm (0.66""). Smallest possible width 150 mm (6"").",0.58,Snap Fit,0.2,Closed hinge,2,"M2500 <a href=""https://tdm.habasit.com/tds/PMB_Accessories/4178_M2500_Accessories_en.pdf"">PDF </a>",,"M252X-3X <a href=""https://tdm.habasit.com/tds/installation_FLYERS/en-us/M252X-3X_en.pdf"">PDF </a>",,,Habasit Italiana S.p.A. (Vittorio Veneto / PMB),Daniel Stein
M2520 Roller Top,M2520 Roller Top,Roller Top,Straight,"1.0"" M2500 Belt type (straight belts)","1.0""","Standard belt widths in increments of 50 mm (2""). Smallest possible width 150 mm (5.9"").",0.59,Snap Fit,0.2,Closed hinge,2,"M2500 <a href=""https://tdm.habasit.com/tds/PMB_Accessories/4178_M2500_Accessories_en.pdf"">PDF </a>",,"M252X-3X <a href=""https://tdm.habasit.com/tds/installation_FLYERS/en-us/M252X-3X_en.pdf"">PDF </a>",,,Habasit Italiana S.p.A. (Vittorio Veneto / PMB),Daniel Stein
M2533 Roller Top,M2533 Roller Top,Roller Top,Straight,"1.0"" M2500 Belt type (straight belts)","1.0""","Standard belt widths in increments of 50 mm (2""). Smallest possible width 150 mm (5.9"").",0.59,Snap Fit,0.2,Open hinge,2,"M2500 <a href=""https://tdm.habasit.com/tds/PMB_Accessories/4178_M2500_Accessories_en.pdf"">PDF </a>",,"M252X-3X <a href=""https://tdm.habasit.com/tds/installation_FLYERS/en-us/M252X-3X_en.pdf"">PDF </a>",,,Habasit Italiana S.p.A. (Vittorio Veneto / PMB),Daniel Stein
M2540 Roller Top,M2540 Radius Roller Top,Radius Roller Top,Radius,"1.0"" M2500 Belt type (radius belts)","1.0""","Standard belt widths in increments of 50 mm (2""). Smallest possible width 200 mm (7.9"").",0.59,Snap Fit,0.2,Open hinge,2,"M2500 <a href=""https://tdm.habasit.com/tds/PMB_Accessories/4178_M2500_Accessories_en.pdf"">PDF </a>",,"M254X <a href=""https://tdm.habasit.com/tds/installation_FLYERS/en-us/M254X_en.pdf"">PDF </a>",,,Habasit Italiana S.p.A. (Vittorio Veneto / PMB),Daniel Stein
M2520 GripTop,M2520 GripTop,GripTop,Straight,"1.0"" M2500 Belt type (straight belts)","1.0""","Standard belt widths in increments of 50 mm (2""). Non-standard widths are offered in increments of 16.66 mm (0.66""). Min. width: 200 mm (8"")",0.6,Snap Fit,0.2,Closed hinge,2,"M2500 <a href=""https://tdm.habasit.com/tds/PMB_Accessories/4178_M2500_Accessories_en.pdf"">PDF </a>",,"M252X-3X <a href=""https://tdm.habasit.com/tds/installation_FLYERS/en-us/M252X-3X_en.pdf"">PDF </a>",,,Habasit Italiana S.p.A. (Vittorio Veneto / PMB),Daniel Stein
M2670 GripTop,M2670 GripTop,GripTop,Straight,"1.0"" M2600 Belt type (straight belts)","1.0""","Standard belt widths in increments of 2"" (50.8 mm). Non-standard widths are offered in increments of 1"" (25.4 mm). Smallest possible width 6.0"" (152.4 mm).",0.6,Smart Fit,0.22,Closed hinge,2,,,"M26XX <a href=""https://tdm.habasit.com/tds/installation_FLYERS/en-us/M26XX_en.pdf"">PDF </a>",,"Multihubsprockets <a href=""https://tdm.habasit.com/tds/installation_FLYERS/en-us/Multihubsprockets_en.pdf"">PDF </a>",Habasit Italiana S.p.A. (Vittorio Veneto / PMB),Daniel Stein
M2531 Raised Rib,M2531 Raised Rib,Raised Rib,Straight,"1.0"" M2500 Belt type (straight belts)","1.0""","Standard belt widths in increments of 50 mm (2""). Non-standard widths are offered in increments of 16.66 mm (0.66""). Smallest possible width 83.4 mm (3.25"").",0.63,Snap Fit,0.2,Open hinge,2,"M2500 <a href=""https://tdm.habasit.com/tds/PMB_Accessories/4178_M2500_Accessories_en.pdf"">PDF </a>",,"M252X-3X <a href=""https://tdm.habasit.com/tds/installation_FLYERS/en-us/M252X-3X_en.pdf"">PDF </a>",,,Habasit Italiana S.p.A. (Vittorio Veneto / PMB),Daniel Stein
M2620 GripTop Heavy Duty,M2620 GripTop,GripTop,Straight,"1.0"" M2600 Belt type (straight belts)","1.0""","Standard belt widths in increments of 85 mm (3.35""). Non-standard widths are offered in increments of 17 mm (0.67""). Smallest possible width 85 mm (3.35"").",0.66,Smart Fit,0.22,Closed hinge,2,,,"M26XX <a href=""https://tdm.habasit.com/tds/installation_FLYERS/en-us/M26XX_en.pdf"">PDF </a>",,"Multihubsprockets <a href=""https://tdm.habasit.com/tds/installation_FLYERS/en-us/Multihubsprockets_en.pdf"">PDF </a>",Habasit Italiana S.p.A. (Vittorio Veneto / PMB),Daniel Stein
M2586 Raised Rib,M2586 Raised Rib,Raised Rib,Straight,"1.0"" M2500 Belt type (straight belts)","1.0""","Standard belt widths in increments of 203.2 mm (8""). Non-standard widths are offered in increments of 33.8 mm (1.3""). Smallest possible width 203.2 mm (8"").",0.67,Smart Fit,0.2,Open hinge,2,,,"M258X <a href=""https://tdm.habasit.com/tds/installation_FLYERS/en-us/M258X_en.pdf"">PDF </a>",,,Habasit Italiana S.p.A. (Vittorio Veneto / PMB),Daniel Stein
M2544 GripTop,M2544 Radius GripTop,Radius GripTop,Radius,"1.0"" M2500 Belt type (radius belts)","1.0""","Standard belt widths in increments of 50 mm (2""). Non-standard widths are offered in increments of 16.66 mm (0.66""). Min. width: 200 mm (8"")",0.69,Snap Fit,0.2,Open hinge,2,"M2500 <a href=""https://tdm.habasit.com/tds/PMB_Accessories/4178_M2500_Accessories_en.pdf"">PDF </a>",,"M254X <a href=""https://tdm.habasit.com/tds/installation_FLYERS/en-us/M254X_en.pdf"">PDF </a>","M2544_Plugs <a href=""https://tdm.habasit.com/tds/installation_FLYERS/en-us/M2544_Plugs_en.pdf"">PDF </a>",,Habasit Italiana S.p.A. (Vittorio Veneto / PMB),Daniel Stein
M2592 Radius Raised Deck,M2592 Radius Raised Deck,Radius Raised Deck,Radius,"1.0"" M2500 Belt type (radius belts)","1.0""","Standard belt width is 304 mm (12""). Non-standard widths are offered in increments of 12.7 mm (0.5""). Smallest possible width 203.2 mm (8"").",0.89,Smart Fit,0.2,Open hinge,2,,,"M2592 <a href=""https://tdm.habasit.com/tds/installation_FLYERS/en-us/M2592_en.pdf"">PDF </a>","M529X Control Drive <a href=""https://tdm.habasit.com/tds/installation_FLYERS/en-us/M529X_Control_Drive_en.pdf"">PDF </a>",,Habasit Italiana S.p.A. (Vittorio Veneto / PMB),Daniel Stein
M2620 LBP,M2620 LBP Roller Top,Roller Top,Straight,"1.0"" M2600 Belt type (straight belts)","1.0""","Standard belt widths in increments of 85 mm (3.35""). Smallest possible width 85 mm (3.35""). Non-bricklayed belts 85 mm (3.35"") and 170 mm (6.69"") wide.",1.07,Smart Fit,0.22,Closed hinge,2,,,"M26XX <a href=""https://tdm.habasit.com/tds/installation_FLYERS/en-us/M26XX_en.pdf"">PDF </a>",,"Multihubsprockets <a href=""https://tdm.habasit.com/tds/installation_FLYERS/en-us/Multihubsprockets_en.pdf"">PDF </a>",Habasit Italiana S.p.A. (Vittorio Veneto / PMB),Daniel Stein
M2543 Tight Radius,M2543 Tight Radius,Tight Radius,Radius,"1.0"" M2500 Belt type (radius belts)","1.0""","Standard belt widths in increments of 50 mm (2""). Non-standard widths are offered in increments of 16.66 mm (0.66""). Smallest possible width 200 mm (7.9"").",,Snap Fit,0.2,Open hinge,1.6,,,,,,Habasit Italiana S.p.A. (Vittorio Veneto / PMB),Daniel Stein
F51,"F51 Flat Wire 1/2"" x 1""","Flat Wire 1/2"" x 1""",Straight,"1.1"" RS Straight F50","1.1""","Standard range of belt widths in increments of 1.33"" (33.8mm) starting from 4"" (101.6mm). Material selection may affect belt width — please contact your local partner for actual dimensions.",0.43,Plugs with Floaters,0.15,Closed hinge,1.8,,,"F51 <a href=""https://tdm.habasit.com/tds/installation_FLYERS/en-us/F51_en.pdf"">PDF </a>",,,Habasit America (Leesport),Jeff Delair
F52_Smart_Fit,"F52 Smart Fit Flat Wire 1/2""x1/2""","Flat Wire 1/2""x1/2""",Straight,"1.1"" RS Straight F50","1.1""","Standard range of belt widths in increments of 1.33"" (33.8mm) starting from 4"" (101.6mm). Material selection may affect belt width — please contact your local partner for actual dimensions.",0.43,Smart Fit,0.15,Closed hinge,1.8,,,"F52_53 Smart Fit <a href=""https://tdm.habasit.com/tds/installation_FLYERS/en-us/F52_53 Smart Fit_en.pdf"">PDF </a>","F52_F53_oldretaining <a href=""https://tdm.habasit.com/tds/installation_FLYERS/en-us/F52_F53_oldretaining_en.pdf"">PDF </a>",,Habasit America (Leesport),Jeff Delair
F54,"F54 Flat Wire 1""x1""","Flat Wire 1""x1""",Straight,"1.1"" RS Straight F50","1.1""","Standard range of belt widths in increments of 2.01"" (51.1mm) starting from 12"" (304.8mm). Material selection may affect belt width — please contact your local partner for actual dimensions.

Real belt widths can be slighlty different. For PP material up to 750 mm (30"") +1 mm to 2.3 mm and 0.1% to 0.3% for wider belts.",0.43,Plugs with Floaters,0.15,Closed hinge,1.8,,,"F54 <a href=""https://tdm.habasit.com/tds/installation_FLYERS/en-us/F54_en.pdf"">PDF </a>",,,Habasit America (Leesport),Jeff Delair
F53_Smart_Fit,F53 Smart Fit Raised Rib Flat Wire,Raised Rib Flat Wire,Straight,"1.1"" RS Straight F50","1.1""","Standard range of belt widths in increments of 1.33"" (33.8mm) starting from 4"" (101.6mm). Material selection may affect belt width — please contact your local partner for actual dimensions.",0.67,Smart Fit,0.15,Closed hinge,1.8,,,"F52_53 Smart Fit <a href=""https://tdm.habasit.com/tds/installation_FLYERS/en-us/F52_53 Smart Fit_en.pdf"">PDF </a>","F52_F53_oldretaining <a href=""https://tdm.habasit.com/tds/installation_FLYERS/en-us/F52_F53_oldretaining_en.pdf"">PDF </a>",,Habasit America (Leesport),Jeff Delair
PR612 1.6,PR612 1.6 Tight Turn Radius,Tight Turn Radius,Radius,"1.2"" RS Radius PR612","1.2""","Standard range of belt widths in increments of 1"" (25.4mm) starting from 12"" (304.8mm). Material selection may affect belt width — please contact your local partner for actual dimensions.",0.5,Snap Fit,0.19,Closed hinge,2,,,"PR612 <a href=""https://tdm.habasit.com/tds/installation_FLYERS/en-us/PR612_en.pdf"">PDF </a>",,,Habasit America (Leesport),Jeff Delair
PR612 2.2,PR612 2.2 Radius Flush Grid,Radius Flush Grid,Radius,"1.2"" RS Radius PR612","1.2""","Standard range of belt widths in increments of 1"" (25.4mm) starting from 12"" (304.8mm). Material selection may affect belt width — please contact your local partner for actual dimensions.",0.5,Snap Fit,0.19,Closed hinge,2,,,"PR612 <a href=""https://tdm.habasit.com/tds/installation_FLYERS/en-us/PR612_en.pdf"">PDF </a>",,,Habasit America (Leesport),Jeff Delair
M3398 Radius Flush Grid CT,M3398 Radius Flush Grid CT,Radius Flush Grid CT,Radius,"1.3"" M3300 Belt type (radius belt)","1.3""","Standard belt widths in increments of 50.8 mm (2""). Non-standard widths are offered in increments of 12.7 mm (0.5""). Smallest possible width 304.8 mm (12"").",0.55,Smart Fit,0.24,Open hinge,3,,,"M3398 <a href=""https://tdm.habasit.com/tds/installation_FLYERS/en-us/M3398_en.pdf"">PDF </a>",,,Habasit Italiana S.p.A. (Vittorio Veneto / PMB),Daniel Stein
ST615,ST615 Flat Top,Flat Top,Straight,"1.5"" RS Straight ST615/VT615","1.5""","Standard range of belt widths in increments of 3"" (76.2mm) starting from 6"" (152.4mm) Non standard widths are offered in increments of 0.625"" (15.9mm) starting from 3"" (76.2mm) upon request. Material selection may affect belt width — please contact your local partner for actual dimensions.",0.51,Snap Fit,0.25,Closed hinge,2.4,,,"ST_VT615_ST620 <a href=""https://tdm.habasit.com/tds/installation_FLYERS/en-us/ST_VT615_MB620_en.pdf"">PDF </a>",,,Habasit America (Leesport),Jeff Delair
VT615,VT615 Vented Top,Vented Top,Straight,"1.5"" RS Straight ST615/VT615","1.5""","Standard range of belt widths in increments of 3"" (76.2mm) starting from 6"" (152.4mm) Non standard widths are offered in increments of 0.625"" (15.9mm) starting from 3"" (76.2mm) upon request. Material selection may affect belt width — please contact your local partner for actual dimensions.",0.51,Snap Fit,0.25,Closed hinge,2.4,,,"ST_VT615_ST620 <a href=""https://tdm.habasit.com/tds/installation_FLYERS/en-us/ST_VT615_MB620_en.pdf"">PDF </a>",,,Habasit America (Leesport),Jeff Delair
,,,,,,,,,,,,,,,,,,
IS615-R,IS615-R Radius Flush Grid,Radius Flush Grid,Radius,"1.5"" RS Radius IS615","1.5""","Standard range of belt widths in increments of 3"" (76.2mm) starting from 7.25"" (184.2mm) Non standard widths are offered in increments of 0.625"" (15.9mm) starting from 5"" (127mm) upon request. Material selection may affect belt width — please contact your local partner for actual dimensions.",0.59,Snap Fit,0.19,Closed hinge,2.4,,,"IS615_IS620 <a href=""https://tdm.habasit.com/tds/installation_FLYERS/en-us/IS615_IS620_en.pdf"">PDF </a>",,,Habasit America (Leesport),Jeff Delair
SP615,SP615 Flush Grid,Flush Grid,Straight,"1.5"" RS Straight SP615","1.5""","Standard range of belt widths in increments of 3"" (76.2mm) starting from 6"" (152.4mm). Non standard widths are offered in increments of 0.625"" (15.9mm) starting from 4"" (101.6mm) upon request. Material selection may affect belt width — please contact your local partner for actual dimensions.",0.59,Snap Fit,0.19,Closed hinge,2.4,,,"SP615_SP620 <a href=""https://tdm.habasit.com/tds/installation_FLYERS/en-us/SP615_SP620_en.pdf"">PDF </a>",,,Habasit America (Leesport),Jeff Delair
M3840 Radius Flush Grid,M3840 Radius Flush Grid,Radius Flush Grid,Radius,"1.5"" M3800 Belt type (radius belts)","1.5""","Standard belt widths in increments of 50 mm (2""). Non-standard widths are offered in increments of 25 mm (1""). Smallest possible width 175 mm (7"").",0.71,Snap Fit,0.24,Open hinge,3.5,"M3800 <a href=""https://tdm.habasit.com/tds/PMB_Accessories/4178_M3800_Accessories_en.pdf"">PDF </a>",,"M384X <a href=""https://tdm.habasit.com/tds/installation_FLYERS/en-us/M384X_en.pdf"">PDF </a>",,,Habasit Italiana S.p.A. (Vittorio Veneto / PMB),Daniel Stein
M3843 Tight Radius,M3843 Tight Radius,Tight Radius,Radius,"1.5"" M3800 Belt type (radius belts)","1.5""","Standard belt widths in increments of 50 mm (2""). Non-standard widths are offered in increments of 25 mm (1""). Smallest possible width 175 mm (7"").",0.71,Snap Fit,0.24,Open hinge,3.5,"M3800 <a href=""https://tdm.habasit.com/tds/PMB_Accessories/4178_M3800_Accessories_en.pdf"">PDF </a>",,"M384X <a href=""https://tdm.habasit.com/tds/installation_FLYERS/en-us/M384X_en.pdf"">PDF </a>",,,Habasit Italiana S.p.A. (Vittorio Veneto / PMB),Daniel Stein
M3843 Tight Radius GripTop,M3843 Tight Radius Grip Top,Tight Radius Grip Top,Radius,"1.5"" M3800 Belt type (radius belts)","1.5""","Standard belt widths in increments of 50 mm (2""). Non-standard widths are offered in increments of 25 mm (1""). Smallest possible width 175 mm (7"").",0.71,Snap Fit,0.24,Open hinge,3.5,"M3800 <a href=""https://tdm.habasit.com/tds/PMB_Accessories/4178_M3800_Accessories_en.pdf"">PDF </a>",,"M384X <a href=""https://tdm.habasit.com/tds/installation_FLYERS/en-us/M384X_en.pdf"">PDF </a>",,,Habasit Italiana S.p.A. (Vittorio Veneto / PMB),Daniel Stein
M3840 Roller Top,M3840 Roller Top,Roller Top,Radius,"1.5"" M3800 Belt type (radius belts)","1.5""","Standard belt widths in increments of 50 mm (2""). Smallest possible width 250 mm (9.84"").",0.94,Snap Fit,0.24,Open hinge,3.5,"M3800 <a href=""https://tdm.habasit.com/tds/PMB_Accessories/4178_M3800_Accessories_en.pdf"">PDF </a>",,"M384X <a href=""https://tdm.habasit.com/tds/installation_FLYERS/en-us/M384X_en.pdf"">PDF </a>",,,Habasit Italiana S.p.A. (Vittorio Veneto / PMB),Daniel Stein
M3892 Raised Deck,M3892 Raised Deck,Raised Deck,Radius,"1.5"" M3800 Belt type (radius belts)","1.5""","Standard belt widths in increments of 2.0"" (50.8 mm). Non-standard widths are offered in increments of 1.0"" (25.4 mm). Smallest possible width 8.0"" (203.2 mm).",1.18,Smart Fit,0.24,Open hinge,3.5,,,"M3892 <a href=""https://tdm.habasit.com/tds/installation_FLYERS/en-us/M3892_en.pdf"">PDF </a>",,,Habasit Italiana S.p.A. (Vittorio Veneto / PMB),Daniel Stein
CC41,CC41 Flat Top,Flat Top,Straight,"1.8"" RS Straight CC40","1.8""","Standard range of belt widths in increments of 1"" (25.4mm) starting from 4"" (101.6mm). Material selection may affect belt width — please contact your local partner for actual dimensions.",0.75,Snap Fit,0.25,Closed hinge,2.8,,,"CC41_CC42 <a href=""https://tdm.habasit.com/tds/installation_FLYERS/en-us/CC41_CC42_en.pdf"">PDF </a>",,,Habasit America (Leesport),Jeff Delair
CC42,CC42 Vented Top,Vented Top,Straight,"1.8"" RS Straight CC40","1.8""","Standard range of belt widths in increments of 1"" (25.4mm) starting from 4"" (101.6mm). Material selection may affect belt width — please contact your local partner for actual dimensions.",0.75,Snap Fit,0.25,Closed hinge,2.8,,,"CC41_CC42 <a href=""https://tdm.habasit.com/tds/installation_FLYERS/en-us/CC41_CC42_en.pdf"">PDF </a>",,,Habasit America (Leesport),Jeff Delair
PR620,PR620 Spiral Pro,Spiral Pro,Radius,"2.0"" RS Radius PR620","2.0""","Standard range of belt widths in increments of 1"" (25.4mm) starting from 12"" (304.8mm). Material selection may affect belt width — please contact your local partner for actual dimensions.",0.59,Snap Fit,0.25,Closed hinge,3.5,,,"PR620SPS_620 <a href=""https://tdm.habasit.com/tds/installation_FLYERS/en-us/PR620SPS_620_en.pdf"">PDF </a>",,,Habasit America (Leesport),Jeff Delair
PR620 SPS,PR620SPS Spiral Pro SPS,Spiral Pro SPS,Radius,"2.0"" RS Radius PR620","2.0""","Standard range of belt widths in increments of 1"" (25.4mm) starting from 12"" (304.8mm). Material selection may affect belt width — please contact your local partner for actual dimensions.",0.59,Snap Fit,0.25,Closed hinge,3.5,,,"PR620SPS_620 <a href=""https://tdm.habasit.com/tds/installation_FLYERS/en-us/PR620SPS_620_en.pdf"">PDF </a>",,,Habasit America (Leesport),Jeff Delair
PR620 TTR,PR620TTR Spiral Pro TTR,Spiral Pro TTR,Radius,"2.0"" RS Radius PR620","2.0""","Standard range of belt widths in increments of 1"" (25.4mm) starting from 20"" (508mm). Material selection may affect belt width — please contact your local partner for actual dimensions.",0.59,Snap Fit,0.25,Closed hinge,,,,,,,Habasit America (Leesport),Jeff Delair
PR620_Smart_Fit,PR620_Smart_Fit Spiral Pro,Spiral Pro,Radius,"2.0"" RS Radius PR620","2.0""","Standard range of belt widths in increments of 1"" (25.4mm) starting from 12"" (304.8mm). Material selection may affect belt width — please contact your local partner for actual dimensions.",0.59,Snap Fit,0.25,Closed hinge,3.5,,,"PR620_Smart_Fit <a href=""https://tdm.habasit.com/tds/installation_FLYERS/en-us/PR620_Smart_Fit_en.pdf"">PDF </a>",,,Habasit America (Leesport),Jeff Delair
M5010 Flat Top,M5010 Flat Top,Flat Top,Straight,"2.0"" M5000 Belt type (straight belts)","2.0""","Standard belt widths in increments of 18.75 mm (0.74""). Smallest possible width 37.5 mm (1.48""). Non-bricklayed belts 37.5 mm (1.48""), 56.25 mm (2.21""), 75 mm (3""), 150 mm (6""), 225 mm (9"") and 600 mm (24"") wide.",0.63,Snap Fit,0.27,Open hinge,3.5,"M5000 <a href=""https://tdm.habasit.com/tds/PMB_Accessories/4178_M5000_Accessories_en.pdf"">PDF </a>",,"M501X <a href=""https://tdm.habasit.com/tds/installation_FLYERS/en-us/M501X_en.pdf"">PDF </a>",,,Habasit Italiana S.p.A. (Vittorio Veneto / PMB),Daniel Stein
M5011 Perforated Flat Top,M5011 Perforated Flat Top,Perforated Flat Top,Straight,"2.0"" M5000 Belt type (straight belts)","2.0""","Standard belt widths in increments of 75 mm (3""). Non-standard widths are offered in increments of 18.75 mm (0.74""). Smallest possible width 112.5 mm (4.42""). Non-bricklayed belts 75 mm (3"") and 150 mm (6"") wide.",0.63,Snap Fit,0.27,Open hinge,3.5,"M5000 <a href=""https://tdm.habasit.com/tds/PMB_Accessories/4178_M5000_Accessories_en.pdf"">PDF </a>",,"M501X <a href=""https://tdm.habasit.com/tds/installation_FLYERS/en-us/M501X_en.pdf"">PDF </a>",,,Habasit Italiana S.p.A. (Vittorio Veneto / PMB),Daniel Stein
M5015 Flat Top,M5015 Flat Top,Flat Top,Straight,"2.0"" M5000 Belt type (straight belts)","2.0""","Standard belt widths in increments of 75 mm (3""). Non-standard widths are offered in increments of 18.75 mm (0.74""). Non-bricklayed belts 75 mm (3"") and 150 mm (6"").",0.63,Snap Fit,0.27,Dynamic hinge gap for easy release of debris and ice,3.5,"M5000 <a href=""https://tdm.habasit.com/tds/PMB_Accessories/4178_M5000_Accessories_en.pdf"">PDF </a>",,"M501X <a href=""https://tdm.habasit.com/tds/installation_FLYERS/en-us/M501X_en.pdf"">PDF </a>",,,Habasit Italiana S.p.A. (Vittorio Veneto / PMB),Daniel Stein
M5020 Flat Top Heavy Duty,M5020 Flat Top Heavy Duty,Flat Top Heavy Duty,Straight,"2.0"" M5000 Belt type (straight belts)","2.0""","Standard belt widths in increments of 75 mm (3""). Non-standard widths are offered in increments of 18.75 mm (0.74""). Non-bricklayed belts 75 mm (3"") and 150 mm (6"").",0.63,Snap Fit,0.27,Closed hinge,3.5,"M5000 <a href=""https://tdm.habasit.com/tds/PMB_Accessories/4178_M5000_Accessories_en.pdf"">PDF </a>",,"M502X_3X <a href=""https://tdm.habasit.com/tds/installation_FLYERS/en-us/M502X_3X_en.pdf"">PDF </a>",,,Habasit Italiana S.p.A. (Vittorio Veneto / PMB),Daniel Stein
M5021 Perforated Flat Top,M5021 Perforated Flat Top,Perforated Flat Top,Straight,"2.0"" M5000 Belt type (straight belts)","2.0""","Standard belt widths in increments of 75 mm (3""). Non-standard widths are offered in increments of 18.75 mm (0.74""). Smallest possible width 112.5 mm (4.42""). Non-bricklayed belts 75 mm (3"") and 150 mm (6"") wide.",0.63,Snap Fit,0.27,Closed hinge,3.5,"M5000 <a href=""https://tdm.habasit.com/tds/PMB_Accessories/4178_M5000_Accessories_en.pdf"">PDF </a>",,"M502X_3X <a href=""https://tdm.habasit.com/tds/installation_FLYERS/en-us/M502X_3X_en.pdf"">PDF </a>",,,Habasit Italiana S.p.A. (Vittorio Veneto / PMB),Daniel Stein
M5032 Flush Grid Heavy Duty,M5032 Flush Grid Heavy Duty,Flush Grid Heavy Duty,Straight,"2.0"" M5000 Belt type (straight belts)","2.0""","Standard belt widths in increments of 75 mm (3""). Non-standard widths are offered in increments of 18.75 mm (0.74""). Smallest possible width 112.5 mm (4.42"").",0.63,Snap Fit,0.27,Closed hinge,3.5,"M5000 <a href=""https://tdm.habasit.com/tds/PMB_Accessories/4178_M5000_Accessories_en.pdf"">PDF </a>",,"M502X_3X <a href=""https://tdm.habasit.com/tds/installation_FLYERS/en-us/M502X_3X_en.pdf"">PDF </a>",,,Habasit Italiana S.p.A. (Vittorio Veneto / PMB),Daniel Stein
M5033 Flush Grid,M5033 Flush Grid,Flush Grid,Straight,"2.0"" M5000 Belt type (straight belts)","2.0""","Standard belt widths in increments of 75 mm (3""). Non-standard widths are offered in increments of 18.75 mm (0.74""). Smallest possible width 112.5 mm (4.42"").",0.63,Snap Fit,0.27,Open hinge,3.5,"M5000 <a href=""https://tdm.habasit.com/tds/PMB_Accessories/4178_M5000_Accessories_en.pdf"">PDF </a>",,"M502X_3X <a href=""https://tdm.habasit.com/tds/installation_FLYERS/en-us/M502X_3X_en.pdf"">PDF </a>",,,Habasit Italiana S.p.A. (Vittorio Veneto / PMB),Daniel Stein
M5060 Flat Top,M5060 Flat Top,Flat Top,Straight,"2.0"" M5000 Belt type (straight belts)","2.0""",Standard belt widths in increments 4.0” (101 mm). Non-standard widths are offered in increments of 1.0” (25.4 mm) Smallest possible width 4.0” (101 mm).,0.63,Smart Fit,0.27,Dynamic open hinge,3.5,"M5000 <a href=""https://tdm.habasit.com/tds/PMB_Accessories/4178_M5000_Accessories_en.pdf"">PDF </a>","M506X <a href=""https://tdm.habasit.com/tds/instruction_FLYERS/en_us/Instruction_flyer_M506X_Saniclip.pdf"">PDF </a>","M506X_M5085 <a href=""https://tdm.habasit.com/tds/installation_FLYERS/en-us/M506X_M5085_en.pdf"">PDF </a>",,,Habasit Italiana S.p.A. (Vittorio Veneto / PMB),Daniel Stein
M5065 Flat Top,M5065 Flat Top,Flat Top,Straight,"2.0"" M5000 Belt type (straight belts)","2.0""","Standard belt widths in increments of 3"" (76.2 mm). Non-standard widths are offered in increments of 1.5"" (38.1 mm). Smallest possible width 6.0"" (152.4 mm).",0.63,Smart Fit,0.27,Dynamic open hinge,3.5,,,"M5065 <a href=""https://tdm.habasit.com/tds/installation_FLYERS/en-us/M5065_en.pdf"">PDF </a>",,,Habasit Italiana S.p.A. (Vittorio Veneto / PMB),Daniel Stein
M5085 Flush Grid,M5085 Flush Grid,Flush Grid,Straight,"2.0"" M5000 Belt type (straight belts)","2.0""",Standard belt widths in increments 4.0” (101 mm). Non-standard widths are offered in increments of 1.0” (25.4 mm) Smallest possible width 4.0” (101 mm).,0.63,Smart Fit,0.27,Dynamic open hinge,3.5,"M5000 <a href=""https://tdm.habasit.com/tds/PMB_Accessories/4178_M5000_Accessories_en.pdf"">PDF </a>","M506X <a href=""https://tdm.habasit.com/tds/instruction_FLYERS/en_us/Instruction_flyer_M506X_Saniclip.pdf"">PDF </a>","M506X_M5085 <a href=""https://tdm.habasit.com/tds/installation_FLYERS/en-us/M506X_M5085_en.pdf"">PDF </a>",,,Habasit Italiana S.p.A. (Vittorio Veneto / PMB),Daniel Stein
M5290 Radius Flush Grid,M5290 Radius Flush Grid,Radius Flush Grid,Radius,"2.0"" M5200 Belt type (radius belts)","2.0""","Standard belt widths in increments of 1"" (25.4 mm).",0.63,Smart Fit,0.24,Open hinge,4,"M5200 <a href=""https://tdm.habasit.com/tds/PMB_Accessories/4178_M5200_Accessories_en.pdf"">PDF </a>",,"M529X <a href=""https://tdm.habasit.com/tds/installation_FLYERS/en-us/M529X_en.pdf"">PDF </a>","M529X Control Drive <a href=""https://tdm.habasit.com/tds/installation_FLYERS/en-us/M529X_Control_Drive_en.pdf"">PDF </a>",,Habasit Italiana S.p.A. (Vittorio Veneto / PMB),Daniel Stein
M5293 Tight Radius,M5293 Tight Radius,Tight Radius,Radius,"2.0"" M5200 Belt type (radius belts)","2.0""","Standard belt widths in increments of 1"" (25.4 mm).",0.63,Smart Fit,0.24,Open hinge,4,"M5200 <a href=""https://tdm.habasit.com/tds/PMB_Accessories/4178_M5200_Accessories_en.pdf"">PDF </a>",,"M529X <a href=""https://tdm.habasit.com/tds/installation_FLYERS/en-us/M529X_en.pdf"">PDF </a>",,,Habasit Italiana S.p.A. (Vittorio Veneto / PMB),Daniel Stein
M5296 Radius Flush Grid,M5296 Radius Flush Grid,Radius Flush Grid,Radius,"2.0"" M5200 Belt type (radius belts)","2.0""","Standard belt widths in increments of 25.4 mm (1"").",0.63,Smart Fit,0.24,Open hinge,4,"M5200 <a href=""https://tdm.habasit.com/tds/PMB_Accessories/4178_M5200_Accessories_en.pdf"">PDF </a>",,"M529X <a href=""https://tdm.habasit.com/tds/installation_FLYERS/en-us/M529X_en.pdf"">PDF </a>",,,Habasit Italiana S.p.A. (Vittorio Veneto / PMB),Daniel Stein
FF620,FF620 Fluid Flow,Fluid Flow,Straight,"2.0"" RS Straight FF620","2.0""","Standard range of belt widths in increments of 3"" (76.2mm) starting from 6"" (152.4mm) Non standard widths are offered in increments of 0.5"" (12.7mm) starting from 6"" (152.4mm) upon request. Material selection may affect belt width — please contact your local partner for actual dimensions.",0.67,Snap Fit,0.25,Closed hinge,3.5,,,"FF620 <a href=""https://tdm.habasit.com/tds/installation_FLYERS/en-us/FF620_en.pdf"">PDF </a>",,,Habasit America (Leesport),Jeff Delair
FF620 WR,FF620 WR Fluid Flo Mini Ribs,Fluid Flo Mini Ribs,Straight,"2.0"" RS Straight FF620","2.0""","Standard range of belt widths in increments of 3"" (76.2mm) starting from 6"" (152.4mm) Non standard widths are offered in increments of 0.5"" (12.7mm) starting from 6"" (152.4mm) upon request. Material selection may affect belt width — please contact your local partner for actual dimensions.",0.67,Snap Fit,0.25,Closed hinge,3.5,,,"FF620 <a href=""https://tdm.habasit.com/tds/installation_FLYERS/en-us/FF620_en.pdf"">PDF </a>",,,Habasit America (Leesport),Jeff Delair
MB620 FT,MB620FT Flat Top,Flat Top,Straight,"2.0"" RS Straight MB620","2.0""","Standard range of belt widths in increments of 3"" (76.2mm) starting from 6"" (152.4mm). Material selection may affect belt width — please contact your local partner for actual dimensions.",0.67,Snap Fit,0.25,Closed hinge,3.5,,,"ST_VT615_ST620 <a href=""https://tdm.habasit.com/tds/installation_FLYERS/en-us/ST_VT615_MB620_en.pdf"">PDF </a>",,,Habasit America (Leesport),Jeff Delair
MB620 VT,MB620VT Vented Top,Vented Top,Straight,"2.0"" RS Straight MB620","2.0""","Standard range of belt widths in increments of 3"" (76.2mm) starting from 6"" (152.4mm). Material selection may affect belt width — please contact your local partner for actual dimensions.",0.67,Snap Fit,0.25,Closed hinge,3.5,,,"ST_VT615_ST620 <a href=""https://tdm.habasit.com/tds/installation_FLYERS/en-us/ST_VT615_MB620_en.pdf"">PDF </a>",,,Habasit America (Leesport),Jeff Delair
M5023 Non Slip,M5023 Non Slip,Non Slip,Straight,"2.0"" M5000 Belt type (straight belts)","2.0""","Standard belt widths in increments of 75 mm (3""). Non-standard widths are offered in increments of 18.75 mm (0.74""). Non-bricklayed belts 75 mm (3"") and 150 mm (6"").",0.68,Snap Fit,0.27,Closed hinge,3.5,"M5000 <a href=""https://tdm.habasit.com/tds/PMB_Accessories/4178_M5000_Accessories_en.pdf"">PDF </a>",,"M502X_3X <a href=""https://tdm.habasit.com/tds/installation_FLYERS/en-us/M502X_3X_en.pdf"">PDF </a>",,,Habasit Italiana S.p.A. (Vittorio Veneto / PMB),Daniel Stein
M5014 Nub Top,M5014 Nub Top,Nub Top,Straight,"2.0"" M5000 Belt type (straight belts)","2.0""","Standard belt widths in increments of 75 mm (3""). Non-standard widths are offered in increments of 18.75 mm (0.74""). Smallest possible width 112.5 mm (4.42"").",0.73,Snap Fit,0.27,Open hinge,3.5,"M5000 <a href=""https://tdm.habasit.com/tds/PMB_Accessories/4178_M5000_Accessories_en.pdf"">PDF </a>",,"M501X <a href=""https://tdm.habasit.com/tds/installation_FLYERS/en-us/M501X_en.pdf"">PDF </a>",,,Habasit Italiana S.p.A. (Vittorio Veneto / PMB),Daniel Stein
M5064 Nub Top,M5064 Nub Top,Nub Top,Straight,"2.0"" M5000 Belt type (straight belts)","2.0""","Standard belt widths in increments 4.0” (101 mm). Non-standard widths are offered in increments of 1.0” (25.4 mm) Smallest possible width 4.0” (101 mm), but widths smaller than 12"" (304 mm) is without indent.",0.73,Smart Fit,0.27,Dynamic open hinge,3.5,"M5000 <a href=""https://tdm.habasit.com/tds/PMB_Accessories/4178_M5000_Accessories_en.pdf"">PDF </a>","M506X <a href=""https://tdm.habasit.com/tds/instruction_FLYERS/en_us/Instruction_flyer_M506X_Saniclip.pdf"">PDF </a>","M506X_M5085 <a href=""https://tdm.habasit.com/tds/installation_FLYERS/en-us/M506X_M5085_en.pdf"">PDF </a>",,,Habasit Italiana S.p.A. (Vittorio Veneto / PMB),Daniel Stein
M5013 Cone Top,M5013 Cone Top,Cone Top,Straight,"2.0"" M5000 Belt type (straight belts)","2.0""","Standard belt widths in increments of 75 mm (3""). Non-standard widths are offered in increments of 18.75 mm (0.74""). Smallest possible width 112.5 mm (4.42"").",0.75,Snap Fit,0.27,Open hinge,3.5,"M5000 <a href=""https://tdm.habasit.com/tds/PMB_Accessories/4178_M5000_Accessories_en.pdf"">PDF </a>",,"M501X <a href=""https://tdm.habasit.com/tds/installation_FLYERS/en-us/M501X_en.pdf"">PDF </a>",,,Habasit Italiana S.p.A. (Vittorio Veneto / PMB),Daniel Stein
M5015 GripTop,M5015 GripTop,GripTop,Straight,"2.0"" M5000 Belt type (straight belts)","2.0""","Standard belt widths in increments of 75 mm (3""). Non-standard widths are offered in increments of 18.75 mm (0.74""). Smallest possible width 225 mm (9""). Non-bricklayed belts without indent 150 mm (6"") wide.",0.75,Snap Fit,0.27,Dynamic hinge gap for easy release of debris and ice,3.5,"M5000 <a href=""https://tdm.habasit.com/tds/PMB_Accessories/4178_M5000_Accessories_en.pdf"">PDF </a>",,"M501X <a href=""https://tdm.habasit.com/tds/installation_FLYERS/en-us/M501X_en.pdf"">PDF </a>",,,Habasit Italiana S.p.A. (Vittorio Veneto / PMB),Daniel Stein
M5067 Minirib,M5067 Minirib,Minirib,Straight,"2.0"" M5000 Belt type (straight belts)","2.0""",Standard belt widths in increments 4.0” (101 mm). Non-standard widths are offered in increments of 1.0” (25.4 mm) Smallest possible width 4.0” (101 mm).,0.75,Smart Fit,0.27,Dynamic open hinge,3.5,"M5000 <a href=""https://tdm.habasit.com/tds/PMB_Accessories/4178_M5000_Accessories_en.pdf"">PDF </a>","M506X <a href=""https://tdm.habasit.com/tds/instruction_FLYERS/en_us/Instruction_flyer_M506X_Saniclip.pdf"">PDF </a>","M506X_M5085 <a href=""https://tdm.habasit.com/tds/installation_FLYERS/en-us/M506X_M5085_en.pdf"">PDF </a>",,,Habasit Italiana S.p.A. (Vittorio Veneto / PMB),Daniel Stein
MB620 TT,MB620TT Tread Top,Tread Top,Straight,"2.0"" RS Straight MB620","2.0""","Standard range of belt widths in increments of 3"" (76.2mm) starting from 6"" (152.4mm). Material selection may affect belt width — please contact your local partner for actual dimensions.",0.75,Snap Fit,0.25,Closed hinge,3.5,,,"ST_VT615_ST620 <a href=""https://tdm.habasit.com/tds/installation_FLYERS/en-us/ST_VT615_MB620_en.pdf"">PDF </a>",,,Habasit America (Leesport),Jeff Delair
PR620 SPS CT,PR620SPSCT Spiral Pro SPSCT,Spiral Pro SPSCT,Radius,"2.0"" RS Radius PR620","2.0""","Standard range of belt widths in increments of 1"" (25.4mm) starting from 12"" (304.8mm). Material selection may affect belt width — please contact your local partner for actual dimensions.",0.75,Snap Fit,0.25,Closed hinge,3.5,,,"PR620SPS_620 <a href=""https://tdm.habasit.com/tds/installation_FLYERS/en-us/PR620SPS_620_en.pdf"">PDF </a>",,,Habasit America (Leesport),Jeff Delair
HDS620,HDS620 Flat Top,Flat Top,Straight,"2.0"" RS Straight HDS620","2.0""","Standard range of belt widths in increments of 1"" (25.4mm) starting from 4"" (101.6mm). Material selection may affect belt width — please contact your local partner for actual dimensions.",0.79,Snap Fit,0.31,Closed hinge,3.5,,,"HDS620 <a href=""https://tdm.habasit.com/tds/installation_FLYERS/en-us/HDS620_en.pdf"">PDF </a>",,,Habasit America (Leesport),Jeff Delair
HDSVT620,HDSVT620 Vented Top,Vented Top,Straight,"2.0"" RS Straight HDS620","2.0""","Standard range of belt widths in increments of 1"" (25.4mm) starting from 4"" (101.6mm). Material selection may affect belt width — please contact your local partner for actual dimensions.",0.79,Snap Fit,0.31,Closed hinge,3.5,,,"HDS620 <a href=""https://tdm.habasit.com/tds/installation_FLYERS/en-us/HDS620_en.pdf"">PDF </a>",,,Habasit America (Leesport),Jeff Delair
HDU620 FT,HDU620FT Flat Top,Flat Top,Straight,"2.0"" RS Straight HDU620","2.0""","Standard range of belt widths in increments of 1"" (25.4mm) starting from 4"" (101.6mm). Material selection may affect belt width — please contact your local partner for actual dimensions.",0.79,Snap Fit,0.31,Closed hinge,3.5,,,"HDU620 <a href=""https://tdm.habasit.com/tds/installation_FLYERS/en-us/HDU620_en.pdf"">PDF </a>",,,Habasit America (Leesport),Jeff Delair
HDU620 VT,HDU620VT Vented Top,Vented Top,Straight,"2.0"" RS Straight HDU620","2.0""","Standard range of belt widths in increments of 1"" (25.4mm) starting from 4"" (101.6mm). Material selection may affect belt width — please contact your local partner for actual dimensions.",0.79,Snap Fit,0.31,Closed hinge,3.5,,,"HDU620 <a href=""https://tdm.habasit.com/tds/installation_FLYERS/en-us/HDU620_en.pdf"">PDF </a>",,,Habasit America (Leesport),Jeff Delair
IS620-R,IS620-R Radius Flush Grid,Radius Flush Grid,Radius,"2.0"" RS Radius IS620","2.0""","Standard range of belt widths in increments of 3"" (76.2mm) starting from 7.25"" (184.2mm) Non standard widths are offered in increments of 1"" (25.4mm) starting from 5"" (127mm) upon request. Material selection may affect belt width — please contact your local partner for actual dimensions.",0.79,Snap Fit,0.25,Closed hinge,3.5,,,"IS615_IS620 <a href=""https://tdm.habasit.com/tds/installation_FLYERS/en-us/IS615_IS620_en.pdf"">PDF </a>",,,Habasit America (Leesport),Jeff Delair
SE620,SE620 Flush Grid,Flush Grid,Straight,"2.0"" RS Straight SP620/SE620","2.0""","Standard range of belt widths in increments of 3"" (76.2mm) starting from 7.25"" (184.2mm) Non standard widths are offered in increments of 1"" (25.4mm) starting from 7.25"" (184.2mm) upon request. Material selection may affect belt width — please contact your local partner for actual dimensions.",0.79,Snap Fit,0.25,Closed hinge,3.5,,,,,,Habasit America (Leesport),Jeff Delair
SP620,SP620 Flush Grid,Flush Grid,Straight,"2.0"" RS Straight SP620/SE620","2.0""","Standard range of belt widths in increments of 3"" (76.2mm) starting from 6"" (152.4mm) Non standard widths are offered in increments of 1"" (25.4mm) starting from 5"" (127mm). Material selection may affect belt width — please contact your local partner for actual dimensions.",0.79,Snap Fit,0.25,Closed hinge,3.5,,,"SP615_SP620 <a href=""https://tdm.habasit.com/tds/installation_FLYERS/en-us/SP615_SP620_en.pdf"">PDF </a>",,,Habasit America (Leesport),Jeff Delair
FF620 MC,FF620 MC Fluid Flo Mini Cleat,Fluid Flo Mini Cleat,Straight,"2.0"" RS Straight FF620","2.0""","Standard range of belt widths in increments of 3"" (76.2mm) starting from 6"" (152.4mm) Non standard widths are offered in increments of 0.5"" (12.7mm) starting from 6"" (152.4mm) upon request. Material selection may affect belt width — please contact your local partner for actual dimensions.",0.91,Snap Fit,0.25,Closed hinge,3.5,,,"FF620 <a href=""https://tdm.habasit.com/tds/installation_FLYERS/en-us/FF620_en.pdf"">PDF </a>",,,Habasit America (Leesport),Jeff Delair
HDSEZR620,HDSEZR620 Easy Release,Easy Release,Straight,"2.0"" RS Straight HDS620","2.0""","Standard range of belt widths in increments of 1"" (25.4mm) starting from 4"" (101.6mm). Material selection may affect belt width — please contact your local partner for actual dimensions.",0.91,Snap Fit,0.31,Closed hinge,3.5,,,"HDS620 <a href=""https://tdm.habasit.com/tds/installation_FLYERS/en-us/HDS620_en.pdf"">PDF </a>",,,Habasit America (Leesport),Jeff Delair
HDUEZR620,HDU620EZR Easy Release,Easy Release,Straight,"2.0"" RS Straight HDU620","2.0""","Standard range of belt widths in increments of 1"" (25.4mm) starting from 4"" (101.6mm). Material selection may affect belt width — please contact your local partner for actual dimensions.",0.91,Snap Fit,0.31,Closed hinge,3.5,,,"HDU620 <a href=""https://tdm.habasit.com/tds/installation_FLYERS/en-us/HDU620_en.pdf"">PDF </a>",,,Habasit America (Leesport),Jeff Delair
M5010 Roller Top,M5010 Roller Top,Roller Top,Straight,"2.0"" M5000 Belt type (straight belts)","2.0""","Standard belt widths in increments of 75 mm (3""). Smallest possible width 225 mm (9"").",0.91,Snap Fit,0.27,Open hinge,3.5,"M5000 <a href=""https://tdm.habasit.com/tds/PMB_Accessories/4178_M5000_Accessories_en.pdf"">PDF </a>",,"M501X <a href=""https://tdm.habasit.com/tds/installation_FLYERS/en-us/M501X_en.pdf"">PDF </a>",,,Habasit Italiana S.p.A. (Vittorio Veneto / PMB),Daniel Stein
M5033 Roller Top,M5033 Roller Top,Roller Top,Straight,"2.0"" M5000 Belt type (straight belts)","2.0""","Standard belt widths in increments of 75 mm (3""). Smallest possible width 225 mm (9"").",0.91,Snap Fit,0.27,Open hinge,3.5,"M5000 <a href=""https://tdm.habasit.com/tds/PMB_Accessories/4178_M5000_Accessories_en.pdf"">PDF </a>",,"M502X_3X <a href=""https://tdm.habasit.com/tds/installation_FLYERS/en-us/M502X_3X_en.pdf"">PDF </a>",,,Habasit Italiana S.p.A. (Vittorio Veneto / PMB),Daniel Stein
HDSCT620,HDSCT620 Curved Top,Curved Top,Straight,"2.0"" RS Straight HDS620","2.0""","Standard range of belt widths in increments of 1"" (25.4mm) starting from 4"" (101.6mm). Material selection may affect belt width — please contact your local partner for actual dimensions.",0.94,Snap Fit,0.31,Closed hinge,3.5,,,"HDS620 <a href=""https://tdm.habasit.com/tds/installation_FLYERS/en-us/HDS620_en.pdf"">PDF </a>",,,Habasit America (Leesport),Jeff Delair
HDU620 CT,HDU620CT Curved Top,Curved Top,Straight,"2.0"" RS Straight HDU620","2.0""","Standard range of belt widths in increments of 1"" (25.4mm) starting from 4"" (101.6mm). Material selection may affect belt width — please contact your local partner for actual dimensions.",0.94,Snap Fit,0.31,Closed hinge,3.5,,,"HDU620 <a href=""https://tdm.habasit.com/tds/installation_FLYERS/en-us/HDU620_en.pdf"">PDF </a>",,,Habasit America (Leesport),Jeff Delair
M5131 Raised Rib,M5131 Raised Rib,Raised Rib,Straight,"2.0"" M5100 Belt type (straight belts)","2.0""","Standard belt widths in increments of 76.2 mm (3""). Non-standard widths are offered in increments of 38.1 mm (1.5”).",0.94,Smart Fit,0.27,Open hinge,3.5,"M5100 <a href=""https://tdm.habasit.com/tds/PMB_Accessories/4178_M5100_Accessories_en.pdf"">PDF </a>",,"M5131 <a href=""https://tdm.habasit.com/tds/installation_FLYERS/en-us/M5131_en.pdf"">PDF </a>",,,Habasit Italiana S.p.A. (Vittorio Veneto / PMB),Daniel Stein
M5182 Roller Top - 90,M5182-R9 Roller Top,Roller Top,Straight,"2.0"" M5100 Belt type (straight belts)","2.0""","Standard belt widths in increments of 2.0"" (50.8 mm). Cut width: Standard belt width - 0.5"" (- 12.7 mm) and -1"" (-25.4 mm).",0.94,Smart Fit,0.27,Closed hinge,3.5,,,"M5182 <a href=""https://tdm.habasit.com/tds/installation_FLYERS/en-us/M5182_en.pdf"">PDF </a>",,,Habasit Italiana S.p.A. (Vittorio Veneto / PMB),Daniel Stein
M5032 Roller Top,M5032 Roller Top,Roller Top,Straight,"2.0"" M5000 Belt type (straight belts)","2.0""","Standard belt widths in increments of 75 mm (3""). Smallest possible width 225 mm (9"").",1.26,Snap Fit,0.27,Closed hinge,3.5,"M5000 <a href=""https://tdm.habasit.com/tds/PMB_Accessories/4178_M5000_Accessories_en.pdf"">PDF </a>",,"M502X_3X <a href=""https://tdm.habasit.com/tds/installation_FLYERS/en-us/M502X_3X_en.pdf"">PDF </a>",,,Habasit Italiana S.p.A. (Vittorio Veneto / PMB),Daniel Stein
M5482 Roller Top,M5482 Roller Top,Roller Top,Straight,"2.2"" M5400 Belt type (straight belts)","2.2""","Standard belt widths in increments of 50.8 mm (2""). Smallest possible width 152.4 mm (6"").",0.94,Smart Fit,0.24,Closed hinge,3.5,,,,,,Habasit Italiana S.p.A. (Vittorio Veneto / PMB),Daniel Stein
M6360 Flat Top,M6360 Flat Top,Flat Top,Straight,"2.5"" M6300 Belt type (straight belts)","2.5""",Standard belt widths in increments 4.0” (101 mm). Non-standard widths are offered in increments of 1.0” (25.4 mm) Smallest possible width 4.0” (101 mm).,0.75,Smart Fit,0.32,Dynamic open hinge,4,"M6300 <a href=""https://tdm.habasit.com/tds/PMB_Accessories/4178_M6300_Accessories_en.pdf"">PDF </a>",,"M636X <a href=""https://tdm.habasit.com/tds/installation_FLYERS/en-us/M636X_en.pdf"">PDF </a>",,,Habasit Italiana S.p.A. (Vittorio Veneto / PMB),Daniel Stein
M6420 Flat Top Heavy Duty,M6420 Flat Top Heavy Duty,Flat Top Heavy Duty,Straight,"2.5"" M6400 Belt type (straight belts)","2.5""","Standard belt widths in increments of 100 mm (3.9""). Non-standard widths are offered in increments of 50 mm (2""). Non-bricklayed belts 100 mm (3.9"") and 200 mm (7.9"").",1.02,Smart Fit,0.39,Closed hinge,4,"M6400 <a href=""https://tdm.habasit.com/tds/PMB_Accessories/4178_M6400_Accessories_en.pdf"">PDF </a>",,"M642X <a href=""https://tdm.habasit.com/tds/installation_FLYERS/en-us/M642X_en.pdf"">PDF </a>",,,Habasit Italiana S.p.A. (Vittorio Veneto / PMB),Daniel Stein
M6423 Non Slip,M6423 Non Slip,Non Slip,Straight,"2.5"" M6400 Belt type (straight belts)","2.5""","Standard belt widths in increments of 100 mm (3.9""). Non-standard widths are offered in increments of 50 mm (2""). Non-bricklayed belts 100 mm (3.9"") and 200 mm (7.9"").",1.07,Smart Fit,0.39,Closed hinge,4,"M6400 <a href=""https://tdm.habasit.com/tds/PMB_Accessories/4178_M6400_Accessories_en.pdf"">PDF </a>",,"M642X <a href=""https://tdm.habasit.com/tds/installation_FLYERS/en-us/M642X_en.pdf"">PDF </a>",,,Habasit Italiana S.p.A. (Vittorio Veneto / PMB),Daniel Stein
M6424 Non Slip Perforated,M6424 Non Slip Perforated,Non Slip Perforated,Straight,"2.5"" M6400 Belt type (straight belts)","2.5""","Standard belt widths in increments of 100 mm (3.9""). Non-standard widths are offered in increments of 50 mm (2""). Non-bricklayed belts 100 mm (3.9"") and 200 mm (7.9"").",1.07,Smart Fit,0.39,Closed hinge,4,"M6400 <a href=""https://tdm.habasit.com/tds/PMB_Accessories/4178_M6400_Accessories_en.pdf"">PDF </a>",,"M642X <a href=""https://tdm.habasit.com/tds/installation_FLYERS/en-us/M642X_en.pdf"">PDF </a>",,,Habasit Italiana S.p.A. (Vittorio Veneto / PMB),Daniel Stein
M6425 Reel Top MTW,M6425 Reel Top,Reel Top,Straight,"2.5"" M6400 Belt type (straight belts)","2.5""",For detailed material properties refer to the HabasitLINK® Engineering Guidelines.,1.32,Smart Fit,0.39,Closed hinge,4,,,"M642X <a href=""https://tdm.habasit.com/tds/installation_FLYERS/en-us/M642X_en.pdf"">PDF </a>",,,Habasit Italiana S.p.A. (Vittorio Veneto / PMB),Daniel Stein
